cod_a,cod_b,Direccion,Nivel,Escuela,Cupos Mensuales modulos alimentarios,Cupos por día Comedor,Cupos por día Desayuno/Merienda,Cupos Patios Abiertos/Coros y Orquestas Sábado,DMC+COMEDOR,ZONA,lat,lon,geocode_display,Calle,Altura,Localidad,Provincia,Direccion_formateada
22.0,60281500.0,Llaroque 1231,PP,49,230,0,247,0,247,1,-34.7394312,-58.4328766,"Larroque, Autopista Camino Negro, Santa Marta, Villa Centenario, Partido de Lomas de Zamora, Buenos Aires, B1828HGV, Argentina",Llaroque,1231,Lomas de Zamora (referencia),Buenos Aires,"Llaroque, 1231, Lomas de Zamora (referencia), Buenos Aires"
15.0,61977500.0,Ayolas 1135,MS,56,400,300,400,0,700,1,-34.708243,-58.4365432,"Ayolas, Villa Fiorito, Partido de Lomas de Zamora, Buenos Aires, 1827, Argentina",Ayolas,1135,Lomas de Zamora (referencia),Buenos Aires,"Ayolas, 1135, Lomas de Zamora (referencia), Buenos Aires"
9.0,62408200.0,Anchoris 4566 Temperley Este,JI CC,2,150,100,100,0,200,1,-34.7633164,-58.3756688,"Anchorena, 1835, Temperley, Buenos Aires, Argentina",Anchoris  Temperley Este,4566,Temperley,Buenos Aires,"Anchoris  Temperley Este, 4566, Temperley, Buenos Aires"
12.0,61130300.0,Viamonte 1567,MS,6,420,0,600,0,600,1,-34.7432808,-58.388239,"Escuela Media Nº6, 1567, J. J. Viamonte, Banfield, Partido de Lomas de Zamora, Buenos Aires, 1828, Argentina",Viamonte,1567,Lomas de Zamora (referencia),Buenos Aires,"Viamonte, 1567, Lomas de Zamora (referencia), Buenos Aires"
11.0,61047600.0,Hipólito Yrigoyen 7731,MS,1,450,0,500,0,500,1,-34.7453466,-58.3995995,"7731, Avenida Hipólito Yrigoyen, Banfield, Partido de Lomas de Zamora, Buenos Aires, B1828, Argentina",Hipólito Yrigoyen,7731,Lomas de Zamora (referencia),Buenos Aires,"Hipólito Yrigoyen, 7731, Lomas de Zamora (referencia), Buenos Aires"
16.0,61869300.0,Viamonte 436,MS,63,75,126,95,0,221,1,-34.7566317,-58.391327,"436, J. J. Viamonte, Lomas de Zamora, Partido de Lomas de Zamora, Buenos Aires, 1832, Argentina",Viamonte,436,Lomas de Zamora (referencia),Buenos Aires,"Viamonte, 436, Lomas de Zamora (referencia), Buenos Aires"
24.0,60148400.0,Manuel Castro 990,PP,91,375,0,0,0,0,1,-34.7487797,-58.4024221,"Ensam, 990, Senador Manuel Castro, Banfield, Partido de Lomas de Zamora, Buenos Aires, 1832, Argentina",Manuel Castro,990,Lomas de Zamora (referencia),Buenos Aires,"Manuel Castro, 990, Lomas de Zamora (referencia), Buenos Aires"
13.0,61076700.0,Manuel Castro 990,MS,21,451,1275,1100,0,2375,1,-34.7487797,-58.4024221,"Ensam, 990, Senador Manuel Castro, Banfield, Partido de Lomas de Zamora, Buenos Aires, 1832, Argentina",Manuel Castro,990,Lomas de Zamora (referencia),Buenos Aires,"Manuel Castro, 990, Lomas de Zamora (referencia), Buenos Aires"
7.0,60281600.0,Manuel Castro 990,JI,933,218,0,218,0,218,1,-34.7487797,-58.4024221,"Ensam, 990, Senador Manuel Castro, Banfield, Partido de Lomas de Zamora, Buenos Aires, 1832, Argentina",Manuel Castro,990,Lomas de Zamora (referencia),Buenos Aires,"Manuel Castro, 990, Lomas de Zamora (referencia), Buenos Aires"
1.0,61137700.0,Alvear 563,EE,503,60,60,111,0,171,1,-34.7529442,-58.4068783,"563, General Carlos María de Alvear, Lomas de Zamora, Partido de Lomas de Zamora, Buenos Aires, B1828, Argentina",Alvear,563,Lomas de Zamora (referencia),Buenos Aires,"Alvear, 563, Lomas de Zamora (referencia), Buenos Aires"
3.0,60880100.0,Castelli 840,JI,902,130,0,135,0,135,1,-34.7524762,-58.407524,"840, Juan José Castelli, Lomas de Zamora, Partido de Lomas de Zamora, Buenos Aires, B1832, Argentina",Castelli,840,Lomas de Zamora (referencia),Buenos Aires,"Castelli, 840, Lomas de Zamora (referencia), Buenos Aires"
5.0,60106000.0,Juncal 240,JI,919,110,0,110,0,110,1,-34.7692992,-58.3948739,"240, Juncal, Temperley, Partido de Lomas de Zamora, Buenos Aires, B1832DEF, Argentina",Juncal,240,Lomas de Zamora (referencia),Buenos Aires,"Juncal, 240, Lomas de Zamora (referencia), Buenos Aires"
10.0,62408500.0,Monroe 355 Temperley,JI CC,3,70,55,55,0,110,1,-34.7758816,-58.3971199,"Temperley, Buenos Aires, Argentina",Monroe  Temperley,355,Temperley,Buenos Aires,"Monroe  Temperley, 355, Temperley, Buenos Aires"
19.0,60864200.0,Hipólito Yrigoyen 9243,PP,9,262,242,242,0,484,1,-34.7633025,-58.4033619,"9243, Avenida Hipólito Yrigoyen, Lomitas, Lomas de Zamora, Partido de Lomas de Zamora, Buenos Aires, B1832, Argentina",Hipólito Yrigoyen,9243,Lomas de Zamora (referencia),Buenos Aires,"Hipólito Yrigoyen, 9243, Lomas de Zamora (referencia), Buenos Aires"
14.0,61795600.0,Jose Maria Penna 99,MS,34,395,0,650,0,650,1,-34.7582647,-58.4108071,"Escuela Primaria 21, 99, Doctor José María Penna, Lomas de Zamora, Partido de Lomas de Zamora, Buenos Aires, 1832, Argentina",Jose Maria Penna,99,Lomas de Zamora (referencia),Buenos Aires,"Jose Maria Penna, 99, Lomas de Zamora (referencia), Buenos Aires"
6.0,60791700.0,Jose Maria Penna 93,JI,930,120,0,120,0,120,1,-34.7581944,-58.4109198,"93, Doctor José María Penna, Lomas de Zamora, Partido de Lomas de Zamora, Buenos Aires, B1832, Argentina",Jose Maria Penna,93,Lomas de Zamora (referencia),Buenos Aires,"Jose Maria Penna, 93, Lomas de Zamora (referencia), Buenos Aires"
2.0,60192300.0,Jose Maria Penna 93,JI,901,150,0,160,0,160,1,-34.7581944,-58.4109198,"93, Doctor José María Penna, Lomas de Zamora, Partido de Lomas de Zamora, Buenos Aires, B1832, Argentina",Jose Maria Penna,93,Lomas de Zamora (referencia),Buenos Aires,"Jose Maria Penna, 93, Lomas de Zamora (referencia), Buenos Aires"
18.0,62456300.0,Larroque 2200,MS,89,0,45,45,0,90,1,-34.7433427,-58.4100662,"Avenida Alberto Larroque, Banfield, Partido de Lomas de Zamora, Buenos Aires, 1828, Argentina",Larroque,2200,Lomas de Zamora (referencia),Buenos Aires,"Larroque, 2200, Lomas de Zamora (referencia), Buenos Aires"
23.0,60397900.0,Gabriel Miró 944,PP,70,400,400,400,35,800,1,-34.7241926,-58.439518,"944, Gabriel Miró, Villa Centenario, Partido de Lomas de Zamora, Buenos Aires, 1827, Argentina",Gabriel Miró,944,Lomas de Zamora (referencia),Buenos Aires,"Gabriel Miró, 944, Lomas de Zamora (referencia), Buenos Aires"
17.0,61899700.0,Ostende 1260,MS,87,250,200,296,0,496,1,-34.7241604,-58.440293,"1260, Ostende, Villa Centenario, Partido de Lomas de Zamora, Buenos Aires, 1827, Argentina",Ostende,1260,Lomas de Zamora (referencia),Buenos Aires,"Ostende, 1260, Lomas de Zamora (referencia), Buenos Aires"
4.0,61097700.0,Av. Meeks 778,JI,906,100,0,111,0,111,1,-34.7615463,-58.3983414,"Avenida Meeks, Lomitas, Lomas de Zamora, Partido de Lomas de Zamora, Buenos Aires, B1832AHQ, Argentina",Av. Meeks,778,Lomas de Zamora (referencia),Buenos Aires,"Av. Meeks, 778, Lomas de Zamora (referencia), Buenos Aires"
21.0,60933900.0,Meeks 778,PP,37,440,486,486,0,972,1,-34.762768,-58.3985533,"Avenida Meeks, Lomitas, Lomas de Zamora, Partido de Lomas de Zamora, Buenos Aires, B1832DEF, Argentina",Meeks,778,Lomas de Zamora (referencia),Buenos Aires,"Meeks, 778, Lomas de Zamora (referencia), Buenos Aires"
20.0,61047800.0,Alvear 1715,PP,15,330,0,336,0,336,1,-34.7389709,-58.403935,"1715, General Carlos María de Alvear, Banfield, Partido de Lomas de Zamora, Buenos Aires, 1828, Argentina",Alvear,1715,Lomas de Zamora (referencia),Buenos Aires,"Alvear, 1715, Lomas de Zamora (referencia), Buenos Aires"
8.0,62453200.0,Calle 109 Nº 1340,JI,953,140,146,217,0,363,1,-34.7507727,-58.4653111,"Calle 109, Santa Catalina, Partido de Lomas de Zamora, Buenos Aires, 1839, Argentina",Calle 109 Nº,1340,Lomas de Zamora (referencia),Buenos Aires,"Calle 109 Nº, 1340, Lomas de Zamora (referencia), Buenos Aires"
,,Belgrano 1645,JI,903,150,0,150,0,150,2,-34.7432754,-58.3916316,"1645, Belgrano, Banfield, Partido de Lomas de Zamora, Buenos Aires, 1828, Argentina",Belgrano,1645,Lomas de Zamora (referencia),Buenos Aires,"Belgrano, 1645, Lomas de Zamora (referencia), Buenos Aires"
,,Medrano 175,JI,904,170,0,175,0,175,2,-34.7484194,-58.393011,"175, Medrano, Banfield, Partido de Lomas de Zamora, Buenos Aires, 1828, Argentina",Medrano,175,Lomas de Zamora (referencia),Buenos Aires,"Medrano, 175, Lomas de Zamora (referencia), Buenos Aires"
,,Suipacha 362,JI,909,60,0,70,0,70,2,-34.7908064,-58.4093319,"Suipacha, Turdera, Partido de Lomas de Zamora, Buenos Aires, B1833, Argentina",Suipacha,362,Lomas de Zamora (referencia),Buenos Aires,"Suipacha, 362, Lomas de Zamora (referencia), Buenos Aires"
,,Campos 122,JI,913,230,0,233,0,233,2,-34.755464,-58.378257,"122, General Campos, Banfield, Partido de Lomas de Zamora, Buenos Aires, 1835, Argentina",Campos,122,Lomas de Zamora (referencia),Buenos Aires,"Campos, 122, Lomas de Zamora (referencia), Buenos Aires"
,,Pintos 1695,JI,914,125,0,125,0,125,2,-34.7481507,-58.3741333,"1695, General Pintos, Banfield, Partido de Lomas de Zamora, Buenos Aires, 1828, Argentina",Pintos,1695,Lomas de Zamora (referencia),Buenos Aires,"Pintos, 1695, Lomas de Zamora (referencia), Buenos Aires"
,,Av. Alte Brown 2129,JI,916,80,0,80,0,80,2,-34.76159410212766,-58.39650139574468,"2129, Almirante Brown, 1832, Almirante Brown, Lomas de Zamora, Buenos Aires, Argentina",Av. Alte Brown,2129,Lomas de Zamora (referencia),Buenos Aires,"Av. Alte Brown, 2129, Lomas de Zamora (referencia), Buenos Aires"
,,Senillosa 310,JI,924,130,0,130,0,130,2,-34.7695176,-58.3693719,"Jardín n.° 924, 310, Senillosa, Temperley, Partido de Lomas de Zamora, Buenos Aires, 1834, Argentina",Senillosa,310,Lomas de Zamora (referencia),Buenos Aires,"Senillosa, 310, Lomas de Zamora (referencia), Buenos Aires"
,,Villa Barcelo 480 Banfield Este,JI,927,145,0,145,0,145,2,-34.72478017234043,-58.427028770212765,"480, Barcelona, 1827, Barcelona, Villa Centenario, Buenos Aires, Argentina",Villa Barcelo  Banfield Este,480,Lomas de Zamora / alrededores,Buenos Aires,"Villa Barcelo  Banfield Este, 480, Lomas de Zamora / alrededores, Buenos Aires"
,,Golondrina 3607,JI,941,200,0,190,0,190,2,-34.761423,-58.35192,"La Golondrina, San José, Partido de Lomas de Zamora, Buenos Aires, B1844, Argentina",Golondrina,3607,Lomas de Zamora (referencia),Buenos Aires,"Golondrina, 3607, Lomas de Zamora (referencia), Buenos Aires"
,,Campos 145 - 1ºpiso,MS,88,250,0,400,0,400,2,-34.755195489361704,-58.37815375531915,"145, General Campos, 1828, General Campos, Banfield, Buenos Aires, Argentina",Campos  - 1ºpiso,145,Lomas de Zamora (referencia),Buenos Aires,"Campos  - 1ºpiso, 145, Lomas de Zamora (referencia), Buenos Aires"
,,Allemandri 1501,MS,86,205,150,205,0,355,2,-34.765873,-58.378362,"1501, Próspero Allemandri, Temperley, Partido de Lomas de Zamora, Buenos Aires, 1835, Argentina",Allemandri,1501,Lomas de Zamora (referencia),Buenos Aires,"Allemandri, 1501, Lomas de Zamora (referencia), Buenos Aires"
,,Indalecio Gomez 502,MS,81,105,0,90,0,90,2,-34.779597,-58.381716,"502, Indalecio Gómez, Temperley, Partido de Lomas de Zamora, Buenos Aires, 1834, Argentina",Indalecio Gomez,502,Lomas de Zamora (referencia),Buenos Aires,"Indalecio Gomez, 502, Lomas de Zamora (referencia), Buenos Aires"
,,El Zorzal 2093,MS,66,261,0,240,0,240,2,-34.7698072,-58.3697119,"Escuela n.° 47 ""Estados Unidos Mexicanos"", 2093, El Zorzal, Temperley, Partido de Lomas de Zamora, Buenos Aires, 1834, Argentina",El Zorzal,2093,Lomas de Zamora (referencia),Buenos Aires,"El Zorzal, 2093, Lomas de Zamora (referencia), Buenos Aires"
,,Alte Brown 2153,MS,68,292,309,309,0,618,2,-34.76183124255319,-58.396520314893614,"2153, Almirante Brown, 1832, Almirante Brown, Lomas de Zamora, Buenos Aires, Argentina",Alte Brown,2153,Lomas de Zamora (referencia),Buenos Aires,"Alte Brown, 2153, Lomas de Zamora (referencia), Buenos Aires"
,,Perito Moreno 260,PP,40,270,270,400,0,670,2,-34.7827965,-58.3919436,"Escuela De Educación Primaria 40 Mariano Moreno, 260, Perito Francisco Moreno, Temperley, Partido de Lomas de Zamora, Buenos Aires, 1834, Argentina",Perito Moreno,260,Lomas de Zamora (referencia),Buenos Aires,"Perito Moreno, 260, Lomas de Zamora (referencia), Buenos Aires"
,,Avenida Alte Brown 2153,PP,13,473,273,273,0,546,2,-34.76183124255319,-58.396520314893614,"2153, Almirante Brown, 1832, Almirante Brown, Lomas de Zamora, Buenos Aires, Argentina",Avenida Alte Brown,2153,Lomas de Zamora (referencia),Buenos Aires,"Avenida Alte Brown, 2153, Lomas de Zamora (referencia), Buenos Aires"
,,Boulogne Sur Mer 240,PP,28,190,0,190,0,190,2,-34.7504698,-58.3715004,"Escuela Primaria N* 28, 240, Boulogne Sur Mer, Banfield, Partido de Lomas de Zamora, Buenos Aires, 1828, Argentina",Boulogne Sur Mer,240,Lomas de Zamora (referencia),Buenos Aires,"Boulogne Sur Mer, 240, Lomas de Zamora (referencia), Buenos Aires"
,,Indalecio Gomez 502,PP,32,243,230,230,0,460,2,-34.779597,-58.381716,"502, Indalecio Gómez, Temperley, Partido de Lomas de Zamora, Buenos Aires, 1834, Argentina",Indalecio Gomez,502,Lomas de Zamora (referencia),Buenos Aires,"Indalecio Gomez, 502, Lomas de Zamora (referencia), Buenos Aires"
,,Allemandri 1501,PP,45,224,0,224,0,224,2,-34.765873,-58.378362,"1501, Próspero Allemandri, Temperley, Partido de Lomas de Zamora, Buenos Aires, 1835, Argentina",Allemandri,1501,Lomas de Zamora (referencia),Buenos Aires,"Allemandri, 1501, Lomas de Zamora (referencia), Buenos Aires"
,,El Zorzal 2093,PP,47,290,309,309,0,618,2,-34.7698072,-58.3697119,"Escuela n.° 47 ""Estados Unidos Mexicanos"", 2093, El Zorzal, Temperley, Partido de Lomas de Zamora, Buenos Aires, 1834, Argentina",El Zorzal,2093,Lomas de Zamora (referencia),Buenos Aires,"El Zorzal, 2093, Lomas de Zamora (referencia), Buenos Aires"
,,Gral Campos 145,PP,73,550,0,670,0,670,2,-34.755195489361704,-58.37815375531915,"145, General Campos, 1828, General Campos, Banfield, Buenos Aires, Argentina",Gral Campos,145,Lomas de Zamora (referencia),Buenos Aires,"Gral Campos, 145, Lomas de Zamora (referencia), Buenos Aires"
,,Bolonia 655,PP,1134,50,0,200,0,200,2,-34.7220859,-58.4325885,"655, Bolonia, Villa Centenario, Partido de Lomas de Zamora, Buenos Aires, 1827, Argentina",Bolonia,655,Lomas de Zamora (referencia),Buenos Aires,"Bolonia, 655, Lomas de Zamora (referencia), Buenos Aires"
,,Barcelona 1957,pp,2437,57,0,150,0,150,2,-34.7335363,-58.4448484,"1957, Barcelona, Villa Albertina, Villa Centenario, Partido de Lomas de Zamora, Buenos Aires, 1827, Argentina",Barcelona,1957,Lomas de Zamora (referencia),Buenos Aires,"Barcelona, 1957, Lomas de Zamora (referencia), Buenos Aires"
,,Espronceda 199,PP,18A,40,0,0,205,0,2,-34.737921,-58.443867,"199, José Espronceda, Villa Albertina, Partido de Lomas de Zamora, Buenos Aires, 1827, Argentina",Espronceda,199,Lomas de Zamora (referencia),Buenos Aires,"Espronceda, 199, Lomas de Zamora (referencia), Buenos Aires"
,,Espronceda 150,EE,508,130,147,258,0,405,3,-34.7388792,-58.4435356,"E. P. N° 96 ""Victoria Ocampo"", 150, José Espronceda, Villa Albertina, Banfield, Partido de Lomas de Zamora, Buenos Aires, 1828, Argentina",Espronceda,150,Lomas de Zamora (referencia),Buenos Aires,"Espronceda, 150, Lomas de Zamora (referencia), Buenos Aires"
,,El Plumerillo 769,JI,2097,165,0,165,0,165,3,-34.7209775,-58.428858,"769, El Plumerillo, Villa Centenario, Partido de Lomas de Zamora, Buenos Aires, 1827, Argentina",El Plumerillo,769,Lomas de Zamora (referencia),Buenos Aires,"El Plumerillo, 769, Lomas de Zamora (referencia), Buenos Aires"
,,Facundo Quiroga 1370,MS,71,483,470,470,0,940,3,-34.7484838,-58.473543,"Avenida General Juan Facundo Quiroga, Santa Catalina, Partido de Lomas de Zamora, Buenos Aires, 1839, Argentina",Facundo Quiroga,1370,Lomas de Zamora (referencia),Buenos Aires,"Facundo Quiroga, 1370, Lomas de Zamora (referencia), Buenos Aires"
,,Campana 524/534,MS,11,700,491,611,0,1102,3,-34.7527522,-58.4082001,"Partido de Lomas de Zamora, Buenos Aires, Argentina",Campana /534,524,Lomas de Zamora (referencia),Buenos Aires,"Campana /534, 524, Lomas de Zamora (referencia), Buenos Aires"
,,Presidente Perón 4002,MS,25,370,315,315,0,630,3,-34.7635403,-58.431405,"Presidente Juan Domingo Perón, Parque Barón, Partido de Lomas de Zamora, Buenos Aires, B1836CXJ, Argentina",Presidente Perón,4002,Lomas de Zamora (referencia),Buenos Aires,"Presidente Perón, 4002, Lomas de Zamora (referencia), Buenos Aires"
,,Bucarest 1722,MS,30,520,520,600,0,1120,3,-34.7259688,-58.4466946,"1722, Bucarest, Villa Albertina, Ingeniero Budge, Partido de Lomas de Zamora, Buenos Aires, 1827, Argentina",Bucarest,1722,Lomas de Zamora (referencia),Buenos Aires,"Bucarest, 1722, Lomas de Zamora (referencia), Buenos Aires"
,,Manuela Pedraza 3280,MS,32,400,475,475,0,950,3,-34.7459645,-58.4698924,"Manuela Pedraza, Santa Catalina, Partido de Lomas de Zamora, Buenos Aires, 1839, Argentina",Manuela Pedraza,3280,Lomas de Zamora (referencia),Buenos Aires,"Manuela Pedraza, 3280, Lomas de Zamora (referencia), Buenos Aires"
,,Caraza 1760,MS,36,200,230,230,0,460,3,-34.7340955,-58.4258247,"Escuela Primaria N* 39, 1760, Eduardo Caraza, Villa Centenario, Partido de Lomas de Zamora, Buenos Aires, B1828HGV, Argentina",Caraza,1760,Lomas de Zamora (referencia),Buenos Aires,"Caraza, 1760, Lomas de Zamora (referencia), Buenos Aires"
,,Mascagni 347,MS,37,270,350,350,85,700,3,-34.7517585,-58.4329611,"347, Pedro Mascagni, Lomas de Zamora, Partido de Lomas de Zamora, Buenos Aires, B1828HGV, Argentina",Mascagni,347,Lomas de Zamora (referencia),Buenos Aires,"Mascagni, 347, Lomas de Zamora (referencia), Buenos Aires"
,,Luis Siciliano 1551,MS,40 SEDE,125,275,275,0,550,3,-34.7392064,-58.4289076,"1551, Luis Siciliano, Villa Centenario, Partido de Lomas de Zamora, Buenos Aires, B1828HGV, Argentina",Luis Siciliano,1551,Lomas de Zamora (referencia),Buenos Aires,"Luis Siciliano, 1551, Lomas de Zamora (referencia), Buenos Aires"
,,Celina de Minetto 1455,MS,40 EXT,140,275,275,0,550,3,-34.73714012765957,-58.433304265957446,"1455, Celina L. de Minetto, B1828HGV, Celina L. de Minetto, Villa Centenario, Buenos Aires, Argentina",Celina de Minetto,1455,Lomas de Zamora (referencia),Buenos Aires,"Celina de Minetto, 1455, Lomas de Zamora (referencia), Buenos Aires"
,,Campana 360 Fiorito,MS,67,380,299,452,0,751,3,-34.7053968,-58.4417674,"Campana, Villa Fiorito, Partido de Lomas de Zamora, Buenos Aires, 1827, Argentina",Campana  Fiorito,360,Lomas de Zamora (referencia),Buenos Aires,"Campana  Fiorito, 360, Lomas de Zamora (referencia), Buenos Aires"
,,Soldado Rodriguez 1299,MT,9,854,658,658,0,1316,3,-34.7415615,-58.4724719,"Soldado Víctor Rodríguez, Santa Catalina, Partido de Lomas de Zamora, Buenos Aires, B1839FDK, Argentina",Soldado Rodriguez,1299,Lomas de Zamora (referencia),Buenos Aires,"Soldado Rodriguez, 1299, Lomas de Zamora (referencia), Buenos Aires"
,,Ostende y Labarden S/Nro,PP,2645,159,250,250,0,500,3,-34.7242316,-58.4408936,"Ostende & Gaspar Nuñez De Arce, Gaspar Núñez de Arce, 1827, Gaspar Núñez de Arce, Villa Centenario, Buenos Aires, Argentina",Ostende y Labarden S/Nro,,Lomas de Zamora (referencia),Buenos Aires,"Ostende y Labarden S/Nro, , Lomas de Zamora (referencia), Buenos Aires"
,,Gabriela Mistral 312,PP,19,245,279,279,0,558,3,-34.7295589,-58.4205511,"312, Gabriela Mistral, Villa Centenario, Partido de Lomas de Zamora, Buenos Aires, B1828HGV, Argentina",Gabriela Mistral,312,Lomas de Zamora (referencia),Buenos Aires,"Gabriela Mistral, 312, Lomas de Zamora (referencia), Buenos Aires"
,,Chopin 350,PP,38,375,0,350,0,350,3,-34.7519081,-58.4323987,"Instituto San Alberto Magno, 350, Frederic Chopin, Lomas de Zamora, Partido de Lomas de Zamora, Buenos Aires, 1832, Argentina",Chopin,350,Lomas de Zamora (referencia),Buenos Aires,"Chopin, 350, Lomas de Zamora (referencia), Buenos Aires"
,,Caraza 1760,PP,39,240,0,250,0,250,3,-34.7340955,-58.4258247,"Escuela Primaria N* 39, 1760, Eduardo Caraza, Villa Centenario, Partido de Lomas de Zamora, Buenos Aires, B1828HGV, Argentina",Caraza,1760,Lomas de Zamora (referencia),Buenos Aires,"Caraza, 1760, Lomas de Zamora (referencia), Buenos Aires"
,,Luis Siciliano 1551,PP,76,230,300,300,0,600,3,-34.7392064,-58.4289076,"1551, Luis Siciliano, Villa Centenario, Partido de Lomas de Zamora, Buenos Aires, B1828HGV, Argentina",Luis Siciliano,1551,Lomas de Zamora (referencia),Buenos Aires,"Luis Siciliano, 1551, Lomas de Zamora (referencia), Buenos Aires"
,,Bucarest 1780,PP,77,400,400,400,0,800,3,-34.7262642,-58.4472674,"1780, Bucarest, Villa Albertina, Ingeniero Budge, Partido de Lomas de Zamora, Buenos Aires, 1827, Argentina",Bucarest,1780,Lomas de Zamora (referencia),Buenos Aires,"Bucarest, 1780, Lomas de Zamora (referencia), Buenos Aires"
,,Azamor 297,PP,79,300,300,365,0,665,3,-34.7153972,-58.4685876,"Azamor, Ingeniero Budge, Partido de Lomas de Zamora, Buenos Aires, 1772, Argentina",Azamor,297,Lomas de Zamora (referencia),Buenos Aires,"Azamor, 297, Lomas de Zamora (referencia), Buenos Aires"
,,Celina de Minetto 1455,PP,81,240,317,349,25,666,3,-34.73714012765957,-58.433304265957446,"1455, Celina L. de Minetto, B1828HGV, Celina L. de Minetto, Villa Centenario, Buenos Aires, Argentina",Celina de Minetto,1455,Lomas de Zamora (referencia),Buenos Aires,"Celina de Minetto, 1455, Lomas de Zamora (referencia), Buenos Aires"
,,Bucarest 1722,PP,88,450,410,509,0,919,3,-34.7259688,-58.4466946,"1722, Bucarest, Villa Albertina, Ingeniero Budge, Partido de Lomas de Zamora, Buenos Aires, 1827, Argentina",Bucarest,1722,Lomas de Zamora (referencia),Buenos Aires,"Bucarest, 1722, Lomas de Zamora (referencia), Buenos Aires"
,,Soldado Britos 1451 Santa Catalina,PP,92,845,800,924,0,1724,3,-34.7426989,-58.4693588,"Unidad Sanitaria 2 De Abril De Lomas De Zamora, Soldado M. A. Zelarrayán, 1832, Soldado M. A. Zelarrayán, Buenos Aires, Argentina",Soldado Britos  Santa Catalina,1451,Lomas de Zamora (referencia),Buenos Aires,"Soldado Britos  Santa Catalina, 1451, Lomas de Zamora (referencia), Buenos Aires"
,,Facundo Quiroga 1370 Santa Catalina,PP,94,900,758,819,42,1577,3,-34.7484838,-58.473543,"Avenida General Juan Facundo Quiroga, Santa Catalina, Partido de Lomas de Zamora, Buenos Aires, 1839, Argentina",Facundo Quiroga  Santa Catalina,1370,Lomas de Zamora (referencia),Buenos Aires,"Facundo Quiroga  Santa Catalina, 1370, Lomas de Zamora (referencia), Buenos Aires"
,,Larrazabal 2879 Fiorito,PP,98,440,350,460,0,810,3,-34.6974909,-58.4445135,"Escuela Primaria 98, 2879, Larrazábal, Villa Fiorito, Partido de Lomas de Zamora, Buenos Aires, 1832, Argentina",Larrazabal  Fiorito,2879,Lomas de Zamora (referencia),Buenos Aires,"Larrazabal  Fiorito, 2879, Lomas de Zamora (referencia), Buenos Aires"
,,Campana 360 Fiorito,PP,63,650,500,590,30,1090,3,-34.7053968,-58.4417674,"Campana, Villa Fiorito, Partido de Lomas de Zamora, Buenos Aires, 1827, Argentina",Campana  Fiorito,360,Lomas de Zamora (referencia),Buenos Aires,"Campana  Fiorito, 360, Lomas de Zamora (referencia), Buenos Aires"
,,Pio Baroja 2054,JI,926,340,340,340,0,680,4,-34.7112413,-58.4484172,"Pío Baroja, Villa Fiorito, Partido de Lomas de Zamora, Buenos Aires, 1827, Argentina",Pio Baroja,2054,Lomas de Zamora (referencia),Buenos Aires,"Pio Baroja, 2054, Lomas de Zamora (referencia), Buenos Aires"
,,Larroque 2175,MS,4,210,540,560,0,1100,4,-34.7409839,-58.4266814,"Escuela Secundaria 4 - Parques Nacionales, 2175, Alberto Larroque, Villa Centenario, Partido de Lomas de Zamora, Buenos Aires, 1828, Argentina",Larroque,2175,Lomas de Zamora (referencia),Buenos Aires,"Larroque, 2175, Lomas de Zamora (referencia), Buenos Aires"
,,Saenz 450,MS,7,370,370,479,0,849,4,-34.7580002,-58.4027798,"450, Antonio Sáenz, Lomitas, Lomas de Zamora, Partido de Lomas de Zamora, Buenos Aires, B1832, Argentina",Saenz,450,Lomas de Zamora (referencia),Buenos Aires,"Saenz, 450, Lomas de Zamora (referencia), Buenos Aires"
,,Alberto Larroque 150,MS,12,600,0,680,0,680,4,-34.7452523,-58.3971841,"150, Avenida Alberto Larroque, Banfield, Partido de Lomas de Zamora, Buenos Aires, 1828, Argentina",Alberto Larroque,150,Lomas de Zamora (referencia),Buenos Aires,"Alberto Larroque, 150, Lomas de Zamora (referencia), Buenos Aires"
,,Dr Carlos Piocollivadino 267,MS,15,400,490,490,0,980,4,-34.75817462340425,-58.38674770425532,"267, Ignacio Pirovano, 1832, Ignacio Pirovano, Lomas de Zamora, Buenos Aires, Argentina",Dr Carlos Piocollivadino,267,Lomas de Zamora (referencia),Buenos Aires,"Dr Carlos Piocollivadino, 267, Lomas de Zamora (referencia), Buenos Aires"
,,Gabriel Miro 2480,MS,22,700,630,630,0,1260,4,-34.7099959,-58.4507691,"Gabriel Miró, Villa Fiorito, Partido de Lomas de Zamora, Buenos Aires, 1827, Argentina",Gabriel Miro,2480,Lomas de Zamora (referencia),Buenos Aires,"Gabriel Miro, 2480, Lomas de Zamora (referencia), Buenos Aires"
,,Pilar 120,MS,73,280,0,250,0,250,4,-34.7024067,-58.4402477,"Pilar, Villa Fiorito, Partido de Lomas de Zamora, Buenos Aires, 1827, Argentina",Pilar,120,Lomas de Zamora (referencia),Buenos Aires,"Pilar, 120, Lomas de Zamora (referencia), Buenos Aires"
,,Hipolito Yrigoyen 9428,MS,13,359,550,550,0,1100,4,-34.7654586,-58.4034059,"Escuela Secundaria 13 Perito Moreno, 9428, Avenida Hipólito Yrigoyen, Lomitas, Lomas de Zamora, Partido de Lomas de Zamora, Buenos Aires, B1832, Argentina",Hipolito Yrigoyen,9428,Lomas de Zamora (referencia),Buenos Aires,"Hipolito Yrigoyen, 9428, Lomas de Zamora (referencia), Buenos Aires"
,,Quesada 2610,MS,83,420,490,490,0,980,4,-34.7248631,-58.462946,"2610, Quesada, Ingeniero Budge, Partido de Lomas de Zamora, Buenos Aires, 1827, Argentina",Quesada,2610,Lomas de Zamora (referencia),Buenos Aires,"Quesada, 2610, Lomas de Zamora (referencia), Buenos Aires"
,,Manuel Castro 161,MT,1,370,700,700,0,1400,4,-34.7582812,-58.4035202,"161, Senador Manuel Castro, Lomitas, Lomas de Zamora, Partido de Lomas de Zamora, Buenos Aires, B1832, Argentina",Manuel Castro,161,Lomas de Zamora (referencia),Buenos Aires,"Manuel Castro, 161, Lomas de Zamora (referencia), Buenos Aires"
,,El Tordo 459,MT,3,435,800,700,36,1500,4,-34.7603175,-58.3535844,"El Tordo, San José, Partido de Lomas de Zamora, Buenos Aires, 1844, Argentina",El Tordo,459,Lomas de Zamora (referencia),Buenos Aires,"El Tordo, 459, Lomas de Zamora (referencia), Buenos Aires"
,,Gascon 150,MT,6,205,1196,1196,0,2392,4,-34.7470736,-58.3930963,"150, Gascón, Banfield, Partido de Lomas de Zamora, Buenos Aires, 1828, Argentina",Gascon,150,Lomas de Zamora (referencia),Buenos Aires,"Gascon, 150, Lomas de Zamora (referencia), Buenos Aires"
,,Pio Baroja 1802,MT,8,525,500,500,0,1000,4,-34.7288122,-58.4342531,"Pío Baroja, Villa Centenario, Partido de Lomas de Zamora, Buenos Aires, 1827, Argentina",Pio Baroja,1802,Lomas de Zamora (referencia),Buenos Aires,"Pio Baroja, 1802, Lomas de Zamora (referencia), Buenos Aires"
,,Sáenz 450,PP,1,275,0,350,0,350,4,-34.7580002,-58.4027798,"450, Antonio Sáenz, Lomitas, Lomas de Zamora, Partido de Lomas de Zamora, Buenos Aires, B1832, Argentina",Sáenz,450,Lomas de Zamora (referencia),Buenos Aires,"Sáenz, 450, Lomas de Zamora (referencia), Buenos Aires"
,,Los Robles 108,PP,26,430,460,460,0,920,4,-34.7652091,-58.4315099,"Escuela Paula Albarracín de Sarmiento, 108, Los Robles, Parque Barón, Lomas de Zamora, Partido de Lomas de Zamora, Buenos Aires, 1832, Argentina",Los Robles,108,Lomas de Zamora (referencia),Buenos Aires,"Los Robles, 108, Lomas de Zamora (referencia), Buenos Aires"
,,Pio Baroja2098,PP,67,650,650,650,0,1300,4,-34.7112413,-58.4484172,"Pío Baroja, Villa Fiorito, Partido de Lomas de Zamora, Buenos Aires, 1827, Argentina",Pio Baroja,2098,Lomas de Zamora (referencia),Buenos Aires,"Pio Baroja, 2098, Lomas de Zamora (referencia), Buenos Aires"
,,B.P. GaldosS 1998,PP,85,761,550,650,0,1200,4,-34.7083792,-58.4490397,"Benito Pérez Galdós, Villa Fiorito, Partido de Lomas de Zamora, Buenos Aires, 1827, Argentina",B.P. GaldosS,1998,Lomas de Zamora (referencia),Buenos Aires,"B.P. GaldosS, 1998, Lomas de Zamora (referencia), Buenos Aires"
,,Pilar 120,PP,86,628,460,460,0,920,4,-34.7024067,-58.4402477,"Pilar, Villa Fiorito, Partido de Lomas de Zamora, Buenos Aires, 1827, Argentina",Pilar,120,Lomas de Zamora (referencia),Buenos Aires,"Pilar, 120, Lomas de Zamora (referencia), Buenos Aires"
,,Gabriel Miro 2450,PP,90,620,300,450,0,750,4,-34.7099959,-58.4507691,"Gabriel Miró, Villa Fiorito, Partido de Lomas de Zamora, Buenos Aires, 1827, Argentina",Gabriel Miro,2450,Lomas de Zamora (referencia),Buenos Aires,"Gabriel Miro, 2450, Lomas de Zamora (referencia), Buenos Aires"
,,Vernet 281,PP,97,300,270,270,0,540,4,-34.7297857,-58.4196105,"281, Vernet, Villa Centenario, Partido de Lomas de Zamora, Buenos Aires, B1828HGV, Argentina",Vernet,281,Lomas de Zamora (referencia),Buenos Aires,"Vernet, 281, Lomas de Zamora (referencia), Buenos Aires"
,,Piaggio 402,Extensión,80,410,219,349,0,568,5,-34.7645,-58.409355,"402, Monseñor Piaggio, Lomas de Zamora, Partido de Lomas de Zamora, Buenos Aires, B1832, Argentina",Piaggio,402,Lomas de Zamora (referencia),Buenos Aires,"Piaggio, 402, Lomas de Zamora (referencia), Buenos Aires"
,,Santos Vega y Pareta,JI,915,75,100,100,0,200,5,-34.8066373,-58.4286211,"Santos Vega, 1851, Llavallol, Buenos Aires, Argentina",Santos Vega y Pareta,,Lomas de Zamora (referencia),Buenos Aires,"Santos Vega y Pareta, , Lomas de Zamora (referencia), Buenos Aires"
,,Moctezuma 498 San Jose Este,JI,923,170,0,198,0,198,5,-34.7501332,-58.3485061,"Moctezuma, B1844, San José, Buenos Aires, Argentina",Moctezuma  San Jose Este,498,Lomas de Zamora (referencia),Buenos Aires,"Moctezuma  San Jose Este, 498, Lomas de Zamora (referencia), Buenos Aires"
,,Anchorena 1460,JI,1380,60,0,120,0,120,5,-34.7652401,-58.3796219,"1460, Anchorena, Temperley, Partido de Lomas de Zamora, Buenos Aires, 1835, Argentina",Anchorena,1460,Lomas de Zamora (referencia),Buenos Aires,"Anchorena, 1460, Lomas de Zamora (referencia), Buenos Aires"
,,Martin Rodriguez 2244,JI CC,4,142,142,142,0,284,5,-34.7412514,-58.443969,"2244, Avenida General Martín Rodríguez, Barrio ODISA, Santa Marta, Villa Centenario, Partido de Lomas de Zamora, Buenos Aires, B1828HGV, Argentina",Martin Rodriguez,2244,Lomas de Zamora (referencia),Buenos Aires,"Martin Rodriguez, 2244, Lomas de Zamora (referencia), Buenos Aires"
,,Dr. Melber 2070,MS,84,176,176,296,0,472,5,-34.8080774,-58.424879,"Doctor Jorge Melber, Llavallol, Partido de Lomas de Zamora, Buenos Aires, 1851, Argentina",Dr. Melber,2070,Lomas de Zamora (referencia),Buenos Aires,"Dr. Melber, 2070, Lomas de Zamora (referencia), Buenos Aires"
,,San Blas 309,MS,3,230,555,555,0,1110,5,-34.7884916,-58.415456,"San Blas, Turdera, Partido de Lomas de Zamora, Buenos Aires, B1833, Argentina",San Blas,309,Lomas de Zamora (referencia),Buenos Aires,"San Blas, 309, Lomas de Zamora (referencia), Buenos Aires"
,,Sta Maria de Oro 44,MS,14,440,0,863,0,863,5,-34.7753118,-58.3951084,"Escuela Media N° 14 Tomás Espora, 44, Fray Justo Santa María de Oro, Temperley, Partido de Lomas de Zamora, Buenos Aires, 1834, Argentina",Sta Maria de Oro,44,Lomas de Zamora (referencia),Buenos Aires,"Sta Maria de Oro, 44, Lomas de Zamora (referencia), Buenos Aires"
,,Mercedes 450,MS,51,340,277,497,0,774,5,-34.807104,-58.421091,"Mercedes, Llavallol, Partido de Lomas de Zamora, Buenos Aires, 1836, Argentina",Mercedes,450,Lomas de Zamora (referencia),Buenos Aires,"Mercedes, 450, Lomas de Zamora (referencia), Buenos Aires"
,,MIguel Cané 1264,MS,61,147,0,350,0,350,5,-34.749442,-58.379099,"1264, Miguel Cané, Banfield, Partido de Lomas de Zamora, Buenos Aires, 1828, Argentina",MIguel Cané,1264,Lomas de Zamora (referencia),Buenos Aires,"MIguel Cané, 1264, Lomas de Zamora (referencia), Buenos Aires"
,,Piaggio 402,MS,80,0,255,340,0,595,5,-34.7645,-58.409355,"402, Monseñor Piaggio, Lomas de Zamora, Partido de Lomas de Zamora, Buenos Aires, B1832, Argentina",Piaggio,402,Lomas de Zamora (referencia),Buenos Aires,"Piaggio, 402, Lomas de Zamora (referencia), Buenos Aires"
,,Piaggio 402,PP,8,200,0,391,0,391,5,-34.7645,-58.409355,"402, Monseñor Piaggio, Lomas de Zamora, Partido de Lomas de Zamora, Buenos Aires, B1832, Argentina",Piaggio,402,Lomas de Zamora (referencia),Buenos Aires,"Piaggio, 402, Lomas de Zamora (referencia), Buenos Aires"
,,Pueyrredón 1840,PP,10,300,0,400,0,400,5,-34.7397238,-58.3894683,"1840, Pueyrredón, Banfield, Partido de Lomas de Zamora, Buenos Aires, 1828, Argentina",Pueyrredón,1840,Lomas de Zamora (referencia),Buenos Aires,"Pueyrredón, 1840, Lomas de Zamora (referencia), Buenos Aires"
,,Dr. Melber 2070,PP,23,625,0,688,0,688,5,-34.8080774,-58.424879,"Doctor Jorge Melber, Llavallol, Partido de Lomas de Zamora, Buenos Aires, 1851, Argentina",Dr. Melber,2070,Lomas de Zamora (referencia),Buenos Aires,"Dr. Melber, 2070, Lomas de Zamora (referencia), Buenos Aires"
,,Molina Arrotea 1505,PP,29,380,0,432,0,432,5,-34.7662836,-58.4205757,"1505, Avenida Carlos Molina Arrotea, Lomas de Zamora, Partido de Lomas de Zamora, Buenos Aires, B1834GMJ, Argentina",Molina Arrotea,1505,Lomas de Zamora (referencia),Buenos Aires,"Molina Arrotea, 1505, Lomas de Zamora (referencia), Buenos Aires"
,,Bucarest 1722,PP,30,370,0,298,0,298,5,-34.7259688,-58.4466946,"1722, Bucarest, Villa Albertina, Ingeniero Budge, Partido de Lomas de Zamora, Buenos Aires, 1827, Argentina",Bucarest,1722,Lomas de Zamora (referencia),Buenos Aires,"Bucarest, 1722, Lomas de Zamora (referencia), Buenos Aires"
,,Dr. Melber 2050,PP,34,300,350,350,0,700,5,-34.8080774,-58.424879,"Doctor Jorge Melber, Llavallol, Partido de Lomas de Zamora, Buenos Aires, 1851, Argentina",Dr. Melber,2050,Lomas de Zamora (referencia),Buenos Aires,"Dr. Melber, 2050, Lomas de Zamora (referencia), Buenos Aires"
,,San Blas 351,PP,35,205,0,241,0,241,5,-34.7839257,-58.4189399,"San Blas, Temperley, Partido de Lomas de Zamora, Buenos Aires, B1833, Argentina",San Blas,351,Lomas de Zamora (referencia),Buenos Aires,"San Blas, 351, Lomas de Zamora (referencia), Buenos Aires"
,,Azamor 232,CEC,805,219,219,340,0,559,6,-34.7117377,-58.4620268,"Azamor, Ingeniero Budge, Partido de Lomas de Zamora, Buenos Aires, 1827, Argentina",Azamor,232,Lomas de Zamora (referencia),Buenos Aires,"Azamor, 232, Lomas de Zamora (referencia), Buenos Aires"
,,Laprida 1573,EE,501,150,150,220,0,370,6,-34.7579547,-58.419562,"1573, Francisco Narciso de Laprida, Lomitas, Lomas de Zamora, Partido de Lomas de Zamora, Buenos Aires, 1870, Argentina",Laprida,1573,Lomas de Zamora (referencia),Buenos Aires,"Laprida, 1573, Lomas de Zamora (referencia), Buenos Aires"
,,Araguaya 957,JI,920,57,57,57,0,114,6,-34.7883504,-58.4208008,"Araguaya, Llavallol, Partido de Lomas de Zamora, Buenos Aires, B1836CXJ, Argentina",Araguaya,957,Lomas de Zamora (referencia),Buenos Aires,"Araguaya, 957, Lomas de Zamora (referencia), Buenos Aires"
,,Juan Zamora y Gabriela Mistral 653,JI,921,140,139,139,0,278,6,-34.7760296,-58.396796,"Estación Lomas de Zamora, Juan B. Péreuilh, 1834, Juan B. Péreuilh, Temperley, Buenos Aires, Argentina",Juan Zamora y Gabriela Mistral,653,Lomas de Zamora (referencia),Buenos Aires,"Juan Zamora y Gabriela Mistral, 653, Lomas de Zamora (referencia), Buenos Aires"
,,24 de Mayo 649,JI,928,139,0,139,0,139,6,-34.7657711,-58.4203864,"649, 24 de Mayo, Lomas de Zamora, Partido de Lomas de Zamora, Buenos Aires, B1832, Argentina",24 de Mayo,649,Lomas de Zamora (referencia),Buenos Aires,"24 de Mayo, 649, Lomas de Zamora (referencia), Buenos Aires"
,,Jacinto Benavente 498,JI,931,98,0,98,0,98,6,-34.7600346,-58.4342658,"498, Jacinto Benavente, Parque Barón, Partido de Lomas de Zamora, Buenos Aires, B1836CXJ, Argentina",Jacinto Benavente,498,Lomas de Zamora (referencia),Buenos Aires,"Jacinto Benavente, 498, Lomas de Zamora (referencia), Buenos Aires"
,,Campana 1216,JI,934,220,197,220,0,417,6,-34.7053968,-58.4417674,"Campana, Villa Fiorito, Partido de Lomas de Zamora, Buenos Aires, 1827, Argentina",Campana,1216,Lomas de Zamora (referencia),Buenos Aires,"Campana, 1216, Lomas de Zamora (referencia), Buenos Aires"
,,Araoz 1450,JI,907,130,0,134,0,134,6,-34.733857,-58.41478,"1450, Aráoz, Banfield, Partido de Lomas de Zamora, Buenos Aires, 1828, Argentina",Araoz,1450,Lomas de Zamora (referencia),Buenos Aires,"Araoz, 1450, Lomas de Zamora (referencia), Buenos Aires"
,,Mario Bravo 2133,JI CC,6,50,55,55,0,110,6,-34.7024082,-58.4455352,"Mario Bravo, Villa Fiorito, Partido de Lomas de Zamora, Buenos Aires, 1827, Argentina",Mario Bravo,2133,Lomas de Zamora (referencia),Buenos Aires,"Mario Bravo, 2133, Lomas de Zamora (referencia), Buenos Aires"
,,Morazan s/n entre Islandia y Australia,MS,43,300,300,300,0,600,6,-34.7158223,-58.4379927,"Islandia & Francisco de Morazan, Francisco de Morazán, 1827, Francisco de Morazán, Villa Fiorito, Buenos Aires, Argentina",Morazan s/n entre Islandia y Australia,,Lomas de Zamora (referencia),Buenos Aires,"Morazan s/n entre Islandia y Australia, , Lomas de Zamora (referencia), Buenos Aires"
,,Mentruyt 1825,MS,53,210,0,215,0,215,6,-34.7611377,-58.4010405,"Biblioteca Popular Antonio Mentruyt, 44, Italia, Lomitas, Lomas de Zamora, Partido de Lomas de Zamora, Buenos Aires, 1832, Argentina",Mentruyt,1825,Lomas de Zamora (referencia),Buenos Aires,"Mentruyt, 1825, Lomas de Zamora (referencia), Buenos Aires"
,,Laprida 1650,MS,60,116,0,153,0,153,6,-34.7298585,-58.4834842,"Raúl Llobera, Santa Catalina, Partido de Lomas de Zamora, Buenos Aires, B1839FDK, Argentina",Laprida,1650,Lomas de Zamora (referencia),Buenos Aires,"Laprida, 1650, Lomas de Zamora (referencia), Buenos Aires"
,,Ejercto de los Andes 1318,MS,74,155,300,300,0,600,6,-34.721747593617025,-58.44322211276595,"1318, Ejército de los Andes, 1827, Ejército de los Andes, Villa Centenario, Buenos Aires, Argentina",Ejercto de los Andes,1318,Lomas de Zamora (referencia),Buenos Aires,"Ejercto de los Andes, 1318, Lomas de Zamora (referencia), Buenos Aires"
,,Laprida 1650,PP,27,316,326,326,0,652,6,-34.7298585,-58.4834842,"Raúl Llobera, Santa Catalina, Partido de Lomas de Zamora, Buenos Aires, B1839FDK, Argentina",Laprida,1650,Lomas de Zamora (referencia),Buenos Aires,"Laprida, 1650, Lomas de Zamora (referencia), Buenos Aires"
,,Supe 1824,PP,33,350,0,376,0,376,6,-34.736825,-58.4112657,"Supe, Banfield, Partido de Lomas de Zamora, Buenos Aires, 1828, Argentina",Supe,1824,Lomas de Zamora (referencia),Buenos Aires,"Supe, 1824, Lomas de Zamora (referencia), Buenos Aires"
,,Islandia 650,PP,44,350,350,350,0,700,6,-34.7183016,-58.4423069,"Islandia, Villa Fiorito, Partido de Lomas de Zamora, Buenos Aires, 1827, Argentina",Islandia,650,Lomas de Zamora (referencia),Buenos Aires,"Islandia, 650, Lomas de Zamora (referencia), Buenos Aires"
,,El Tordo 233,PP,56,500,448,448,0,896,6,-34.7603175,-58.3535844,"El Tordo, San José, Partido de Lomas de Zamora, Buenos Aires, 1844, Argentina",El Tordo,233,Lomas de Zamora (referencia),Buenos Aires,"El Tordo, 233, Lomas de Zamora (referencia), Buenos Aires"
,,Núñez de Arce 1296,PP,84,413,446,415,0,861,6,-34.7225621,-58.4423637,"1296, Gaspar Núñez de Arce, Villa Centenario, Partido de Lomas de Zamora, Buenos Aires, 1827, Argentina",Núñez de Arce,1296,Lomas de Zamora (referencia),Buenos Aires,"Núñez de Arce, 1296, Lomas de Zamora (referencia), Buenos Aires"
,,El Plumerillo 769,PP,1009,250,0,250,0,250,6,-34.7209775,-58.428858,"769, El Plumerillo, Villa Centenario, Partido de Lomas de Zamora, Buenos Aires, 1827, Argentina",El Plumerillo,769,Lomas de Zamora (referencia),Buenos Aires,"El Plumerillo, 769, Lomas de Zamora (referencia), Buenos Aires"
,,Las Heras 2203,CEC,801,180,180,180,0,360,7,-34.745958,-58.4260827,"2203, Avenida Juan Gregorio de las Heras, Lomas de Zamora, Partido de Lomas de Zamora, Buenos Aires, B1828HGV, Argentina",Las Heras,2203,Lomas de Zamora (referencia),Buenos Aires,"Las Heras, 2203, Lomas de Zamora (referencia), Buenos Aires"
,,Ramon Falcon 780,EE,506,65,70,70,0,140,7,-34.7668979,-58.409431,"Escuela Especial 506, 780, Coronel Ramón Falcón, Lomitas, Lomas de Zamora, Partido de Lomas de Zamora, Buenos Aires, B1832, Argentina",Ramon Falcon,780,Lomas de Zamora (referencia),Buenos Aires,"Ramon Falcon, 780, Lomas de Zamora (referencia), Buenos Aires"
,,Pasaje González 40,EE,507,66,66,80,0,146,7,-34.76315005319149,-58.40399767446809,"40, María F. González, 1870, María F. González, Lomas de Zamora, Buenos Aires, Argentina",Pasaje González,40,Lomas de Zamora (referencia),Buenos Aires,"Pasaje González, 40, Lomas de Zamora (referencia), Buenos Aires"
,,Mascagni 395,JI,917,130,0,147,0,147,7,-34.751326,-58.4328872,"395, Pedro Mascagni, Lomas de Zamora, Partido de Lomas de Zamora, Buenos Aires, B1828HGV, Argentina",Mascagni,395,Lomas de Zamora (referencia),Buenos Aires,"Mascagni, 395, Lomas de Zamora (referencia), Buenos Aires"
,,Bustos 890,JI,937,170,170,170,0,340,7,-34.7604075,-58.4476759,"890, Bustos, Parque Barón, Partido de Lomas de Zamora, Buenos Aires, 1839, Argentina",Bustos,890,Lomas de Zamora (referencia),Buenos Aires,"Bustos, 890, Lomas de Zamora (referencia), Buenos Aires"
,,La Haya 2155,JI,939,175,160,160,0,320,7,-34.7291193,-58.4517145,"2155, La Haya, Villa Albertina, Partido de Lomas de Zamora, Buenos Aires, 1827, Argentina",La Haya,2155,Lomas de Zamora (referencia),Buenos Aires,"La Haya, 2155, Lomas de Zamora (referencia), Buenos Aires"
,,Año del Libertador 206,JI,949,91,0,91,0,91,7,-34.7731711,-58.442131,"Año del Libertador, Parque Barón, Partido de Lomas de Zamora, Buenos Aires, B1836CXJ, Argentina",Año del Libertador,206,Lomas de Zamora (referencia),Buenos Aires,"Año del Libertador, 206, Lomas de Zamora (referencia), Buenos Aires"
,,Florencio Sanchez 1270,JI,951,97,97,97,0,194,7,-34.7481456,-58.4465936,"Florencio Sánchez, Santa Marta, Partido de Lomas de Zamora, Buenos Aires, 1839, Argentina",Florencio Sanchez,1270,Lomas de Zamora (referencia),Buenos Aires,"Florencio Sanchez, 1270, Lomas de Zamora (referencia), Buenos Aires"
,,Florencio Sanchez 1270,MS,23,550,598,598,55,1196,7,-34.7481456,-58.4465936,"Florencio Sánchez, Santa Marta, Partido de Lomas de Zamora, Buenos Aires, 1839, Argentina",Florencio Sanchez,1270,Lomas de Zamora (referencia),Buenos Aires,"Florencio Sanchez, 1270, Lomas de Zamora (referencia), Buenos Aires"
,,Lope de Vega 1070,MS,38,330,0,380,0,380,7,-34.7452189,-58.4471356,"Lope de Vega, Santa Marta, Villa Centenario, Partido de Lomas de Zamora, Buenos Aires, B1828HGV, Argentina",Lope de Vega,1070,Lomas de Zamora (referencia),Buenos Aires,"Lope de Vega, 1070, Lomas de Zamora (referencia), Buenos Aires"
,,las tropas y vernet S/N,MS,46,450,450,500,0,950,7,-34.739903,-58.4367291,"Vernet & Las Tropas, Las Tropas, B1828HGV, Las Tropas, Buenos Aires, Argentina",las tropas y vernet S/N,,Lomas de Zamora (referencia),Buenos Aires,"las tropas y vernet S/N, , Lomas de Zamora (referencia), Buenos Aires"
,,Castelli 816,MS,59,250,250,250,0,500,7,-34.7526559,-58.4071969,"Escuela Secundaria Básica Nº8, 816, Juan José Castelli, Lomas de Zamora, Partido de Lomas de Zamora, Buenos Aires, B1832, Argentina",Castelli,816,Lomas de Zamora (referencia),Buenos Aires,"Castelli, 816, Lomas de Zamora (referencia), Buenos Aires"
,,Santa Fe 550,MS,64,130,180,180,0,360,7,-34.7511557,-58.4197747,"550, Avenida Santa Fe, Lomas de Zamora, Partido de Lomas de Zamora, Buenos Aires, 1828, Argentina",Santa Fe,550,Lomas de Zamora (referencia),Buenos Aires,"Santa Fe, 550, Lomas de Zamora (referencia), Buenos Aires"
,,Alsina 1052,MS,69,100,0,100,0,100,7,-34.7450554,-58.3933776,"Alsina, Avenida Alsina, Banfield, Partido de Lomas de Zamora, Buenos Aires, 1828, Argentina",Alsina,1052,Lomas de Zamora (referencia),Buenos Aires,"Alsina, 1052, Lomas de Zamora (referencia), Buenos Aires"
,,Lavalle 801,MT,2,137,350,350,0,700,7,-34.7765862,-58.4084325,"Escuela de Educación Secundaria Técnica 2, 801, General Juan Galo de Lavalle, Temperley, Partido de Lomas de Zamora, Buenos Aires, B1834GMJ, Argentina",Lavalle,801,Lomas de Zamora (referencia),Buenos Aires,"Lavalle, 801, Lomas de Zamora (referencia), Buenos Aires"
,,Pringles 27,MT,5,385,1392,435,0,1827,7,-34.7761611,-58.4117487,"Coronel Pringles, Temperley, Partido de Lomas de Zamora, Buenos Aires, B1834GMJ, Argentina",Pringles,27,Lomas de Zamora (referencia),Buenos Aires,"Pringles, 27, Lomas de Zamora (referencia), Buenos Aires"
,,Acevedo 1864,MT,7,100,440,440,0,880,7,-34.7383918,-58.3967418,"1864, Manuel Acevedo, Banfield, Partido de Lomas de Zamora, Buenos Aires, 1828, Argentina",Acevedo,1864,Lomas de Zamora (referencia),Buenos Aires,"Acevedo, 1864, Lomas de Zamora (referencia), Buenos Aires"
,,Av. Hipólito Yrigoyen 10361,PP,3,150,0,194,0,194,7,-34.7775072,-58.4059369,"10361, Avenida Hipólito Yrigoyen, Temperley, Partido de Lomas de Zamora, Buenos Aires, B1834, Argentina",Av. Hipólito Yrigoyen,10361,Lomas de Zamora (referencia),Buenos Aires,"Av. Hipólito Yrigoyen, 10361, Lomas de Zamora (referencia), Buenos Aires"
,,Juan José Castelli 1710,PP,5,300,310,350,0,660,7,-34.7506424,-58.4198362,"1710, Juan José Castelli, Lomas de Zamora, Partido de Lomas de Zamora, Buenos Aires, B1828HGV, Argentina",Juan José Castelli,1710,Lomas de Zamora (referencia),Buenos Aires,"Juan José Castelli, 1710, Lomas de Zamora (referencia), Buenos Aires"
,,Av. Alsina 1052,PP,7,327,0,326,0,326,7,-34.7488176,-58.3940788,"1052, Avenida Alsina, Banfield, Partido de Lomas de Zamora, Buenos Aires, 1828, Argentina",Av. Alsina,1052,Lomas de Zamora (referencia),Buenos Aires,"Av. Alsina, 1052, Lomas de Zamora (referencia), Buenos Aires"
,,Castelli 816,PP,14,475,0,449,0,449,7,-34.7526559,-58.4071969,"Escuela Secundaria Básica Nº8, 816, Juan José Castelli, Lomas de Zamora, Partido de Lomas de Zamora, Buenos Aires, B1832, Argentina",Castelli,816,Lomas de Zamora (referencia),Buenos Aires,"Castelli, 816, Lomas de Zamora (referencia), Buenos Aires"
,,J.M. Pena 99,PP,21,480,0,650,0,650,7,-34.7494129,-58.3944716,"99, Peña, 1828, Peña, Banfield, Buenos Aires, Argentina",J.M. Pena,99,Lomas de Zamora (referencia),Buenos Aires,"J.M. Pena, 99, Lomas de Zamora (referencia), Buenos Aires"
,,Av. Hipólito Yrigoyen 7672,PP,31,280,0,280,0,280,7,-34.7445677,-58.3990646,"E.P. 31""Carlos Guido Y Spano"", 7672, Avenida Hipólito Yrigoyen, Banfield, Partido de Lomas de Zamora, Buenos Aires, 1828, Argentina",Av. Hipólito Yrigoyen,7672,Lomas de Zamora (referencia),Buenos Aires,"Av. Hipólito Yrigoyen, 7672, Lomas de Zamora (referencia), Buenos Aires"
,,Muzzili 163,PP,51,350,0,384,45,384,7,-34.7437455,-58.3960811,"Banfield, 1828, Buenos Aires, Argentina",Muzzili,163,Lomas de Zamora (referencia),Buenos Aires,"Muzzili, 163, Lomas de Zamora (referencia), Buenos Aires"
,,Las Tropas y Vernet 1700,PP,53,550,500,500,0,1000,7,-34.7498391,-58.4281883,"Las Tropas, B1828HGV, Lomas de Zamora, Buenos Aires, Argentina",Las Tropas y Vernet,1700,Lomas de Zamora (referencia),Buenos Aires,"Las Tropas y Vernet, 1700, Lomas de Zamora (referencia), Buenos Aires"
,,Champalanne 2608,PP,59,415,400,400,0,800,7,-34.7535491,-58.4406953,"2608, Federico Champalanne, Parque Barón, Partido de Lomas de Zamora, Buenos Aires, B1828HGV, Argentina",Champalanne,2608,Lomas de Zamora (referencia),Buenos Aires,"Champalanne, 2608, Lomas de Zamora (referencia), Buenos Aires"
,,Cid guido de franc 2520,PP,60,441,441,430,0,871,7,-34.748312908510634,-58.44368500851064,"2520, Profesor Cid Guidi de Franc, B1828HGV, Profesor Cid Guidi de Franc, Buenos Aires, Argentina",Cid guido de franc,2520,Lomas de Zamora (referencia),Buenos Aires,"Cid guido de franc, 2520, Lomas de Zamora (referencia), Buenos Aires"
,,F.Sanchéz 1311,PP,75,270,290,290,0,580,7,-34.7873503,-58.3910264,"Rafael Jijena Sánchez, Temperley, Partido de Lomas de Zamora, Buenos Aires, B1845BZB, Argentina",F.Sanchéz,1311,Lomas de Zamora (referencia),Buenos Aires,"F.Sanchéz, 1311, Lomas de Zamora (referencia), Buenos Aires"
,,El Zorzal 2793,PP,25,577,0,0,0,0,7,-34.7607873,-58.3523241,"El Zorzal, San José, Partido de Lomas de Zamora, Buenos Aires, B1844, Argentina",El Zorzal,2793,Lomas de Zamora (referencia),Buenos Aires,"El Zorzal, 2793, Lomas de Zamora (referencia), Buenos Aires"
,,Juan M. de Lavardén 2472,PP,1182,300,0,350,0,350,7,-34.7200159,-58.4686276,"Juan M. de Lavardén & Baradero, Manuel José de Lavardén, 1771, Manuel José de Lavardén, Buenos Aires, Argentina",Juan M. de Lavardén,2472,Lomas de Zamora (referencia),Buenos Aires,"Juan M. de Lavardén, 2472, Lomas de Zamora (referencia), Buenos Aires"
,,Armesti 3345,Asunciòn de Maria,5729,30,0,30,0,30,8,-34.7427862,-58.3505617,"3345, Boulevard Armesti, San José, Partido de Lomas de Zamora, Buenos Aires, B1826FCL, Argentina",Armesti,3345,Lomas de Zamora (referencia),Buenos Aires,"Armesti, 3345, Lomas de Zamora (referencia), Buenos Aires"
,,Av José Garibaldi 1256,CEC,802,185,283,329,0,612,8,-34.7693708,-58.4015001,"Av. José Garibaldi, Temperley, Partido de Lomas de Zamora, Buenos Aires, B1832DEF, Argentina",Av José Garibaldi,1256,Lomas de Zamora (referencia),Buenos Aires,"Av José Garibaldi, 1256, Lomas de Zamora (referencia), Buenos Aires"
,,A. Cap. Giaccino 3000,Didascalio,8301,30,0,30,0,30,8,-34.741869,-58.4765483,"Capitán de Fragata Pedro Eduardo Giacchino, B1839FDK, Buenos Aires, Argentina",A. Cap. Giaccino,3000,Lomas de Zamora (referencia),Buenos Aires,"A. Cap. Giaccino, 3000, Lomas de Zamora (referencia), Buenos Aires"
,,Lavalle 879,JI,911,130,0,159,0,159,8,-34.7769976,-58.4092747,"Jardín de Infantes 911 Germán Berdiales, 879, General Juan Galo de Lavalle, Temperley, Partido de Lomas de Zamora, Buenos Aires, B1834GMJ, Argentina",Lavalle,879,Lomas de Zamora (referencia),Buenos Aires,"Lavalle, 879, Lomas de Zamora (referencia), Buenos Aires"
,,San Benito esq. 9 de Julio,JI,912,107,0,107,0,107,8,-34.7555208,-58.345127,"9 de Julio, B1844, San José, Buenos Aires, Argentina",San Benito esq. 9 de Julio,,Lomas de Zamora (referencia),Buenos Aires,"San Benito esq. 9 de Julio, , Lomas de Zamora (referencia), Buenos Aires"
,,Vieytes 651,JI,918,123,0,123,0,123,8,-34.7392128,-58.403408,"651, Avenida Juan Hipólito Vieytes, Banfield, Partido de Lomas de Zamora, Buenos Aires, 1828, Argentina",Vieytes,651,Lomas de Zamora (referencia),Buenos Aires,"Vieytes, 651, Lomas de Zamora (referencia), Buenos Aires"
,,Av. Eva Perón y Albarracín,MS,5,280,200,294,0,494,8,-34.7758929,-58.389098,"Eva Perón y Albarracín, Avenida Eva Perón, 1834, Avenida Eva Perón, Temperley, Buenos Aires, Argentina",Av. Eva Perón y Albarracín,,Lomas de Zamora (referencia),Buenos Aires,"Av. Eva Perón y Albarracín, , Lomas de Zamora (referencia), Buenos Aires"
,,Hiólito Yrigoyen 11518,MS,41,308,280,313,0,593,8,-34.7912111,-58.4084651,"Escuela de Educación Secundaria 41, 11518, Avenida Hipólito Yrigoyen, B1833, Avenida Hipólito Yrigoyen, Turdera, Buenos Aires, Argentina",Hiólito Yrigoyen,11518,Lomas de Zamora (referencia),Buenos Aires,"Hiólito Yrigoyen, 11518, Lomas de Zamora (referencia), Buenos Aires"
,,Perito Moreno 260,MS,44,155,185,212,0,397,8,-34.7827965,-58.3919436,"Escuela De Educación Primaria 40 Mariano Moreno, 260, Perito Francisco Moreno, Temperley, Partido de Lomas de Zamora, Buenos Aires, 1834, Argentina",Perito Moreno,260,Lomas de Zamora (referencia),Buenos Aires,"Perito Moreno, 260, Lomas de Zamora (referencia), Buenos Aires"
,,Bernardo de Irigoyen 750,MS,57,198,0,534,0,534,8,-34.7690999,-58.3848868,"Escuela N 69 República de Italia, 750, Bernardo de Irigoyen, Temperley, Partido de Lomas de Zamora, Buenos Aires, 1834, Argentina",Bernardo de Irigoyen,750,Lomas de Zamora (referencia),Buenos Aires,"Bernardo de Irigoyen, 750, Lomas de Zamora (referencia), Buenos Aires"
,,Huergo 40,MS,65,209,315,315,0,630,8,-34.7808214,-58.411593,"Ingeniero Huergo, Temperley, Partido de Lomas de Zamora, Buenos Aires, B1834, Argentina",Huergo,40,Lomas de Zamora (referencia),Buenos Aires,"Huergo, 40, Lomas de Zamora (referencia), Buenos Aires"
,,S. de Bustamante 1530,Niño de Belen,3662,15,0,15,0,15,8,-34.6046332,-58.4145967,"La casa de soja Argentina, 435, Sánchez de Bustamante, Almagro, Buenos Aires, Comuna 5, Ciudad Autónoma de Buenos Aires, 1173, Argentina",S. de Bustamante,1530,Lomas de Zamora (referencia),Buenos Aires,"S. de Bustamante, 1530, Lomas de Zamora (referencia), Buenos Aires"
,,Pto Argentino 1040,Nuestra Señora de los Milagros,1662,40,0,40,0,40,8,-34.730277,-58.4322014,"1040, Puerto Argentino, Villa Centenario, Partido de Lomas de Zamora, Buenos Aires, 1827, Argentina",Pto Argentino,1040,Lomas de Zamora (referencia),Buenos Aires,"Pto Argentino, 1040, Lomas de Zamora (referencia), Buenos Aires"
,,Albarracín 911,PP,2,311,311,367,0,678,8,-34.7759648,-58.3888839,"911, Santiago Albarracín, Temperley, Partido de Lomas de Zamora, Buenos Aires, 1834, Argentina",Albarracín,911,Lomas de Zamora (referencia),Buenos Aires,"Albarracín, 911, Lomas de Zamora (referencia), Buenos Aires"
,,Garibaldi 1298,PP,6,241,0,241,0,241,8,-34.7715417,-58.4056323,"Av. José Garibaldi, Lomas de Zamora, Partido de Lomas de Zamora, Buenos Aires, B1834GMJ, Argentina",Garibaldi,1298,Lomas de Zamora (referencia),Buenos Aires,"Garibaldi, 1298, Lomas de Zamora (referencia), Buenos Aires"
,,Santa Teresa 90,PP,22,120,128,240,0,368,8,-34.7959905,-58.406546,"Santa Teresa, Turdera, Partido de Lomas de Zamora, Buenos Aires, B1846DGH, Argentina",Santa Teresa,90,Lomas de Zamora (referencia),Buenos Aires,"Santa Teresa, 90, Lomas de Zamora (referencia), Buenos Aires"
,,Viamonte 423,PP,20,100,0,0,0,0,8,-34.7567616,-58.3912277,"423, J. J. Viamonte, Lomas de Zamora, Partido de Lomas de Zamora, Buenos Aires, 1832, Argentina",Viamonte,423,Lomas de Zamora (referencia),Buenos Aires,"Viamonte, 423, Lomas de Zamora (referencia), Buenos Aires"
,,Nestor De La Peña 654,PP,55,140,142,145,0,287,8,-34.7886806,-58.4295052,"Néstor de la Peña, Llavallol, Partido de Lomas de Zamora, Buenos Aires, B1836CXJ, Argentina",Nestor De La Peña,654,Lomas de Zamora (referencia),Buenos Aires,"Nestor De La Peña, 654, Lomas de Zamora (referencia), Buenos Aires"
,,Bernardo de Irigoyen 750,PP,69,450,0,565,0,565,8,-34.7690999,-58.3848868,"Escuela N 69 República de Italia, 750, Bernardo de Irigoyen, Temperley, Partido de Lomas de Zamora, Buenos Aires, 1834, Argentina",Bernardo de Irigoyen,750,Lomas de Zamora (referencia),Buenos Aires,"Bernardo de Irigoyen, 750, Lomas de Zamora (referencia), Buenos Aires"
,,Hiólito Yrigoyen 11518,PP,72,250,0,289,0,289,8,-34.7912111,-58.4084651,"Escuela de Educación Secundaria 41, 11518, Avenida Hipólito Yrigoyen, B1833, Avenida Hipólito Yrigoyen, Turdera, Buenos Aires, Argentina",Hiólito Yrigoyen,11518,Lomas de Zamora (referencia),Buenos Aires,"Hiólito Yrigoyen, 11518, Lomas de Zamora (referencia), Buenos Aires"
,,Jesús R. Olivan (ex México) 163,CEC,803,180,205,270,0,475,9,-34.76537595319149,-58.36525956382979,"163, Avenida República Argentina, 1844, Avenida República Argentina, San José, Buenos Aires, Argentina",Jesús R. Olivan (ex México),163,Lomas de Zamora (referencia),Buenos Aires,"Jesús R. Olivan (ex México), 163, Lomas de Zamora (referencia), Buenos Aires"
,,Lavalle 851,CFI,1,177,247,247,0,494,9,-34.7767627,-58.4089844,"Centro de Formación Integral 1, 851, General Juan Galo de Lavalle, Temperley, Partido de Lomas de Zamora, Buenos Aires, B1834GMJ, Argentina",Lavalle,851,Lomas de Zamora (referencia),Buenos Aires,"Lavalle, 851, Lomas de Zamora (referencia), Buenos Aires"
,,Garibaldi 253,EE,502,73,73,150,0,223,9,-34.7689433,-58.4010141,"253, José Garibaldi, Lomas de Zamora, Partido de Lomas de Zamora, Buenos Aires, 1832, Argentina",Garibaldi,253,Lomas de Zamora (referencia),Buenos Aires,"Garibaldi, 253, Lomas de Zamora (referencia), Buenos Aires"
,,Quilmes 2305,EE,505,100,90,200,0,290,9,-34.7700974,-58.3657314,"2305, Quilmes, San José, Partido de Lomas de Zamora, Buenos Aires, 1844, Argentina",Quilmes,2305,Lomas de Zamora (referencia),Buenos Aires,"Quilmes, 2305, Lomas de Zamora (referencia), Buenos Aires"
,,Lavarden 195,JI,935,75,75,75,0,150,9,-34.7418177,-58.4512796,"195, Manuel José de Lavardén, Villa Albertina, Partido de Lomas de Zamora, Buenos Aires, 1827, Argentina",Lavarden,195,Lomas de Zamora (referencia),Buenos Aires,"Lavarden, 195, Lomas de Zamora (referencia), Buenos Aires"
,,Cuyo 1111,JI,910,155,0,165,0,165,9,-34.8025378,-58.4090888,"Cuyo, Llavallol, Partido de Lomas de Zamora, Buenos Aires, B1846AAQ, Argentina",Cuyo,1111,Lomas de Zamora (referencia),Buenos Aires,"Cuyo, 1111, Lomas de Zamora (referencia), Buenos Aires"
,,Antartida Argentina y Santa Catalina,JI,932,40,0,40,0,40,9,-34.8146657,-58.4321209,"Ruta 4 y Dávila, Santa Catalina, 1838, Santa Catalina, Llavallol, Buenos Aires, Argentina",Antartida Argentina y Santa Catalina,,Lomas de Zamora (referencia),Buenos Aires,"Antartida Argentina y Santa Catalina, , Lomas de Zamora (referencia), Buenos Aires"
,,Monroe 185,JI,936,197,0,197,0,197,9,-34.7509782,-58.353707,"Monroe, San José, Partido de Lomas de Zamora, Buenos Aires, 1835, Argentina",Monroe,185,Lomas de Zamora (referencia),Buenos Aires,"Monroe, 185, Lomas de Zamora (referencia), Buenos Aires"
,,Santa Cruz y Hornero 290,JI,950,140,0,157,0,157,9,-34.7571452,-58.3481426,"San Cristobal y El hornero, San Cristobal, B1844, San Cristobal, San José, Buenos Aires, Argentina",Santa Cruz y Hornero,290,Lomas de Zamora (referencia),Buenos Aires,"Santa Cruz y Hornero, 290, Lomas de Zamora (referencia), Buenos Aires"
,,C.C.Vigil 1059,JI,929,143,0,143,0,143,9,-34.7626189,-58.4361466,"Constancio C. Vigil & Eduardo Schiaffino, Constancio C. Vigil, Parque Barón, Partido de Lomas de Zamora, Buenos Aires, B1836CXJ, Argentina",C.C.Vigil,1059,Lomas de Zamora (referencia),Buenos Aires,"C.C.Vigil, 1059, Lomas de Zamora (referencia), Buenos Aires"
,,Barilari 3592,MS,82,223,223,223,0,446,9,-34.7475871,-58.3643753,"Barilari, San José, Partido de Lomas de Zamora, Buenos Aires, B1826FCL, Argentina",Barilari,3592,Lomas de Zamora (referencia),Buenos Aires,"Barilari, 3592, Lomas de Zamora (referencia), Buenos Aires"
,,Yatay 500,MS,8,330,315,500,0,815,9,-34.7505021,-58.3492001,"Yatay, San José, Partido de Lomas de Zamora, Buenos Aires, B1844, Argentina",Yatay,500,Lomas de Zamora (referencia),Buenos Aires,"Yatay, 500, Lomas de Zamora (referencia), Buenos Aires"
,,El Trébol 3785,MS,28,200,243,243,0,486,9,-34.761152,-58.3671271,"El Trébol, San José, Partido de Lomas de Zamora, Buenos Aires, 1835, Argentina",El Trébol,3785,Lomas de Zamora (referencia),Buenos Aires,"El Trébol, 3785, Lomas de Zamora (referencia), Buenos Aires"
,,Av Antártida Argentina 2251,MS,45,115,107,140,0,247,9,-34.7896444,-58.4090933,"Avenida Antártida Argentina, Turdera, Partido de Lomas de Zamora, Buenos Aires, B1833, Argentina",Av Antártida Argentina,2251,Lomas de Zamora (referencia),Buenos Aires,"Av Antártida Argentina, 2251, Lomas de Zamora (referencia), Buenos Aires"
,,El hornero 4960,MS,47,231,210,331,0,541,9,-34.7587586,-58.3515942,"El Hornero, San José, Partido de Lomas de Zamora, Buenos Aires, B1844, Argentina",El hornero,4960,Lomas de Zamora (referencia),Buenos Aires,"El hornero, 4960, Lomas de Zamora (referencia), Buenos Aires"
,,Araguaya 957,MS,52,133,70,80,25,150,9,-34.7883504,-58.4208008,"Araguaya, Llavallol, Partido de Lomas de Zamora, Buenos Aires, B1836CXJ, Argentina",Araguaya,957,Lomas de Zamora (referencia),Buenos Aires,"Araguaya, 957, Lomas de Zamora (referencia), Buenos Aires"
,,La Madreselva 2550,MS,54,200,210,155,0,365,9,-34.7583434,-58.3669697,"La Madreselva, San José, Partido de Lomas de Zamora, Buenos Aires, 1835, Argentina",La Madreselva,2550,Lomas de Zamora (referencia),Buenos Aires,"La Madreselva, 2550, Lomas de Zamora (referencia), Buenos Aires"
,,Olleros 1004,MS,58,135,274,274,24,548,9,-34.7892076,-58.4273241,"Olleros, Llavallol, Partido de Lomas de Zamora, Buenos Aires, B1836CXJ, Argentina",Olleros,1004,Lomas de Zamora (referencia),Buenos Aires,"Olleros, 1004, Lomas de Zamora (referencia), Buenos Aires"
,,La Calandria 4654,MS,75,280,0,0,0,0,9,-34.7653174,-58.3666868,"La Calandria, San José, Partido de Lomas de Zamora, Buenos Aires, 1844, Argentina",La Calandria,4654,Lomas de Zamora (referencia),Buenos Aires,"La Calandria, 4654, Lomas de Zamora (referencia), Buenos Aires"
,,De Heredia y Juramento 250,MS,77,210,277,277,0,554,9,-34.7758816,-58.3971199,"Temperley, Buenos Aires, Argentina",De Heredia y Juramento,250,Lomas de Zamora (referencia),Buenos Aires,"De Heredia y Juramento, 250, Lomas de Zamora (referencia), Buenos Aires"
,,Presidente Quintana 266,MS,79,315,0,315,0,315,9,-34.7431142,-58.3797908,"266, Presidente Quintana, Banfield, Partido de Lomas de Zamora, Buenos Aires, 1828, Argentina",Presidente Quintana,266,Lomas de Zamora (referencia),Buenos Aires,"Presidente Quintana, 266, Lomas de Zamora (referencia), Buenos Aires"
,,Angel Gallardo 170,MS,42,192,100,320,0,420,9,-34.7693733,-58.3952308,"Escuela Primaria 36, 170, Ángel Gallardo, Temperley, Partido de Lomas de Zamora, Buenos Aires, 1834, Argentina",Angel Gallardo,170,Lomas de Zamora (referencia),Buenos Aires,"Angel Gallardo, 170, Lomas de Zamora (referencia), Buenos Aires"
,,Av. Antártida Argentina y Santa Catalina,PP,4,187,195,255,0,450,9,-34.7497312,-58.4757182,"Pizzeria y Hamburgueseria, Avenida General Juan Facundo Quiroga, 1839, Avenida General Juan Facundo Quiroga, Buenos Aires, Argentina",Av. Antártida Argentina y Santa Catalina,,Lomas de Zamora (referencia),Buenos Aires,"Av. Antártida Argentina y Santa Catalina, , Lomas de Zamora (referencia), Buenos Aires"
,,Olivan 107,PP,17,350,230,250,0,480,9,-34.7527522,-58.4082001,"Partido de Lomas de Zamora, Buenos Aires, Argentina",Olivan,107,Lomas de Zamora (referencia),Buenos Aires,"Olivan, 107, Lomas de Zamora (referencia), Buenos Aires"
,,Aragón 950,PP,42,140,150,142,0,292,9,-34.7881313,-58.419635,"Aragón, Llavallol, Partido de Lomas de Zamora, Buenos Aires, 1836, Argentina",Aragón,950,Lomas de Zamora (referencia),Buenos Aires,"Aragón, 950, Lomas de Zamora (referencia), Buenos Aires"
,,El Trébol 3785,PP,50,236,236,236,0,472,9,-34.761152,-58.3671271,"El Trébol, San José, Partido de Lomas de Zamora, Buenos Aires, 1835, Argentina",El Trébol,3785,Lomas de Zamora (referencia),Buenos Aires,"El Trébol, 3785, Lomas de Zamora (referencia), Buenos Aires"
,,De Heredia 250,PP,52,300,280,280,0,560,9,-34.7711501,-58.3607551,"José María de Heredia, San José, Partido de Lomas de Zamora, Buenos Aires, 1844, Argentina",De Heredia,250,Lomas de Zamora (referencia),Buenos Aires,"De Heredia, 250, Lomas de Zamora (referencia), Buenos Aires"
,,La madreselva 2550,PP,54,205,200,239,0,439,9,-34.7583434,-58.3669697,"La Madreselva, San José, Partido de Lomas de Zamora, Buenos Aires, 1835, Argentina",La madreselva,2550,Lomas de Zamora (referencia),Buenos Aires,"La madreselva, 2550, Lomas de Zamora (referencia), Buenos Aires"
,,Avenida Pasco 4687,PP,61,600,620,620,0,1240,9,-34.7627085,-58.3641252,"Avenida Eva Perón, San José, Partido de Lomas de Zamora, Buenos Aires, 1844, Argentina",Avenida Pasco,4687,Lomas de Zamora (referencia),Buenos Aires,"Avenida Pasco, 4687, Lomas de Zamora (referencia), Buenos Aires"
,,9 de Febrero 390,PP,71,176,200,200,0,400,9,-34.7939752,-58.4348671,"Escuela de Educación Primaria 71, 390, 9 de Febrero, Llavallol, Partido de Lomas de Zamora, Buenos Aires, B1836CXJ, Argentina",9 de Febrero,390,Lomas de Zamora (referencia),Buenos Aires,"9 de Febrero, 390, Lomas de Zamora (referencia), Buenos Aires"
,,Santos Vega y Pareta sin número Llavallol,PP,74,98,134,134,0,268,9,-34.8066373,-58.4286211,"Santos Vega, 1851, Llavallol, Buenos Aires, Argentina",Santos Vega y Pareta sin número Llavallol,,Lomas de Zamora (referencia),Buenos Aires,"Santos Vega y Pareta sin número Llavallol, , Lomas de Zamora (referencia), Buenos Aires"
,,Moctezuma 400,PP,78,500,570,570,0,1140,9,-34.7501332,-58.3485061,"Moctezuma, San José, Partido de Lomas de Zamora, Buenos Aires, B1844, Argentina",Moctezuma,400,Lomas de Zamora (referencia),Buenos Aires,"Moctezuma, 400, Lomas de Zamora (referencia), Buenos Aires"
,,El hornero 4975,PP,80,400,0,441,0,441,9,-34.7587586,-58.3515942,"El Hornero, San José, Partido de Lomas de Zamora, Buenos Aires, B1844, Argentina",El hornero,4975,Lomas de Zamora (referencia),Buenos Aires,"El hornero, 4975, Lomas de Zamora (referencia), Buenos Aires"
,,Quintana 266,PP,24,329,0,329,0,329,9,-34.7431142,-58.3797908,"266, Presidente Quintana, Banfield, Partido de Lomas de Zamora, Buenos Aires, 1828, Argentina",Quintana,266,Lomas de Zamora (referencia),Buenos Aires,"Quintana, 266, Lomas de Zamora (referencia), Buenos Aires"
,,Angel Gallardo 170,PP,36,250,0,262,0,262,9,-34.7693733,-58.3952308,"Escuela Primaria 36, 170, Ángel Gallardo, Temperley, Partido de Lomas de Zamora, Buenos Aires, 1834, Argentina",Angel Gallardo,170,Lomas de Zamora (referencia),Buenos Aires,"Angel Gallardo, 170, Lomas de Zamora (referencia), Buenos Aires"
,,Belén 1490,JI,905,190,190,190,0,380,10,-34.7483348,-58.4434372,"1490, Belén, Santa Marta, Partido de Lomas de Zamora, Buenos Aires, B1828HGV, Argentina",Belén,1490,Lomas de Zamora (referencia),Buenos Aires,"Belén, 1490, Lomas de Zamora (referencia), Buenos Aires"
,,Rawson 2120,JI,925,334,334,334,0,668,10,-34.7381174,-58.4443079,"2120, Rawson, Villa Albertina, Villa Centenario, Partido de Lomas de Zamora, Buenos Aires, 1827, Argentina",Rawson,2120,Lomas de Zamora (referencia),Buenos Aires,"Rawson, 2120, Lomas de Zamora (referencia), Buenos Aires"
,,Einstein 4247 Lamadrid,JI CC,5,80,80,80,0,160,10,-34.7308463,-58.4751538,"4247, Albert Einstein, Villa Lamadrid, Partido de Lomas de Zamora, Buenos Aires, B1839FDK, Argentina",Einstein  Lamadrid,4247,Lomas de Zamora (referencia),Buenos Aires,"Einstein  Lamadrid, 4247, Lomas de Zamora (referencia), Buenos Aires"
,,Ricardo Palma 195,MS,26,786,801,810,0,1611,10,-34.7385929,-58.4450646,"195, Ricardo Palma, Villa Albertina, Partido de Lomas de Zamora, Buenos Aires, 1827, Argentina",Ricardo Palma,195,Lomas de Zamora (referencia),Buenos Aires,"Ricardo Palma, 195, Lomas de Zamora (referencia), Buenos Aires"
,,Alazan E/ Santos Vega S/N,MS,2,310,450,450,0,900,10,-34.638715,-58.7863761,"Santos Vega, B1744, Moreno, Buenos Aires, Argentina",Alazan E/ Santos Vega S/N,,Lomas de Zamora (referencia),Buenos Aires,"Alazan E/ Santos Vega S/N, , Lomas de Zamora (referencia), Buenos Aires"
,,Los Palos Borrachos 185,MS,10,817,0,737,60,737,10,-34.764883,-58.431608,"Los Palos Borrachos, Parque Barón, Partido de Lomas de Zamora, Buenos Aires, B1836CXJ, Argentina",Los Palos Borrachos,185,Lomas de Zamora (referencia),Buenos Aires,"Los Palos Borrachos, 185, Lomas de Zamora (referencia), Buenos Aires"
,,Bustos 860,MS,31,300,465,465,0,930,10,-34.760679,-58.4474744,"860, Bustos, Parque Barón, Partido de Lomas de Zamora, Buenos Aires, 1839, Argentina",Bustos,860,Lomas de Zamora (referencia),Buenos Aires,"Bustos, 860, Lomas de Zamora (referencia), Buenos Aires"
,,Voltaire 1650,MS,39,300,320,320,0,640,10,-34.7498497,-58.4502093,"Unidad Sanitaria Santa Marta, 1650, Voltaire, Santa Marta, Partido de Lomas de Zamora, Buenos Aires, 1832, Argentina",Voltaire,1650,Lomas de Zamora (referencia),Buenos Aires,"Voltaire, 1650, Lomas de Zamora (referencia), Buenos Aires"
,,Barbieri 1605,MS,55,300,332,330,0,662,10,-34.7380052,-58.4351644,"Vicente Barbieri, Barrio ODISA, Santa Marta, Villa Centenario, Partido de Lomas de Zamora, Buenos Aires, B1828HGV, Argentina",Barbieri,1605,Lomas de Zamora (referencia),Buenos Aires,"Barbieri, 1605, Lomas de Zamora (referencia), Buenos Aires"
,,El Zorzal 2779,MS,85,300,250,280,0,530,10,-34.7607873,-58.3523241,"El Zorzal, San José, Partido de Lomas de Zamora, Buenos Aires, B1844, Argentina",El Zorzal,2779,Lomas de Zamora (referencia),Buenos Aires,"El Zorzal, 2779, Lomas de Zamora (referencia), Buenos Aires"
,,Muzzili 163,MS,62,200,230,230,0,460,10,-34.7437455,-58.3960811,"Banfield, 1828, Buenos Aires, Argentina",Muzzili,163,Lomas de Zamora (referencia),Buenos Aires,"Muzzili, 163, Lomas de Zamora (referencia), Buenos Aires"
,,Av Antartida Argentina 2750,MT,4,465,957,957,30,1914,10,-34.7896444,-58.4090933,"Avenida Antártida Argentina, Turdera, Partido de Lomas de Zamora, Buenos Aires, B1833, Argentina",Av Antartida Argentina,2750,Lomas de Zamora (referencia),Buenos Aires,"Av Antartida Argentina, 2750, Lomas de Zamora (referencia), Buenos Aires"
,,Olmos 530,PP,11,697,668,660,0,1328,10,-34.7604309,-58.4480276,"530, Olmos, Parque Barón, Partido de Lomas de Zamora, Buenos Aires, B1836CXJ, Argentina",Olmos,530,Lomas de Zamora (referencia),Buenos Aires,"Olmos, 530, Lomas de Zamora (referencia), Buenos Aires"
,,Rawson Y Espronceneda S/N,PP,18,510,560,560,0,1120,10,-34.7585379,-58.3993654,"Juzgado Federal Criminal y Correccionnal Numero 1 de Lomas de Zamora, Antonio Sáenz, B1832, Antonio Sáenz, Lomas de Zamora, Buenos Aires, Argentina",Rawson Y Espronceneda S/N,,Lomas de Zamora (referencia),Buenos Aires,"Rawson Y Espronceneda S/N, , Lomas de Zamora (referencia), Buenos Aires"
,,Vicente Barbieri 1605,PP,41,325,355,355,0,710,10,-34.7380052,-58.4351644,"Vicente Barbieri, Barrio ODISA, Santa Marta, Villa Centenario, Partido de Lomas de Zamora, Buenos Aires, B1828HGV, Argentina",Vicente Barbieri,1605,Lomas de Zamora (referencia),Buenos Aires,"Vicente Barbieri, 1605, Lomas de Zamora (referencia), Buenos Aires"
,,Lisandro de la Torre 2264,PP,48,428,314,614,0,928,10,-34.7501518,-58.4423703,"Lisandro de la Torre, Santa Marta, Partido de Lomas de Zamora, Buenos Aires, B1828HGV, Argentina",Lisandro de la Torre,2264,Lomas de Zamora (referencia),Buenos Aires,"Lisandro de la Torre, 2264, Lomas de Zamora (referencia), Buenos Aires"
,,Espronceneda 297,PP,57,574,460,460,0,920,10,-34.7368309,-58.4446973,"297, José Espronceda, Villa Albertina, Partido de Lomas de Zamora, Buenos Aires, 1827, Argentina",Espronceneda,297,Lomas de Zamora (referencia),Buenos Aires,"Espronceneda, 297, Lomas de Zamora (referencia), Buenos Aires"
,,Voltaire 1650,PP,65,644,618,618,0,1236,10,-34.7498497,-58.4502093,"Unidad Sanitaria Santa Marta, 1650, Voltaire, Santa Marta, Partido de Lomas de Zamora, Buenos Aires, 1832, Argentina",Voltaire,1650,Lomas de Zamora (referencia),Buenos Aires,"Voltaire, 1650, Lomas de Zamora (referencia), Buenos Aires"
,,Mercedes 1100,PP,66,533,405,405,0,810,10,-34.807104,-58.421091,"Mercedes, Llavallol, Partido de Lomas de Zamora, Buenos Aires, 1836, Argentina",Mercedes,1100,Lomas de Zamora (referencia),Buenos Aires,"Mercedes, 1100, Lomas de Zamora (referencia), Buenos Aires"
,,José de Espronceda 150,PP,96 A,306,275,260,60,535,10,-34.7388792,-58.4435356,"E. P. N° 96 ""Victoria Ocampo"", 150, José Espronceda, Villa Albertina, Banfield, Partido de Lomas de Zamora, Buenos Aires, 1828, Argentina",José de Espronceda,150,Lomas de Zamora (referencia),Buenos Aires,"José de Espronceda, 150, Lomas de Zamora (referencia), Buenos Aires"
,,Gral Elizalde s/n y Calle 7,JI,952,140,152,152,0,304,11,-34.7758816,-58.3971199,"Temperley, Buenos Aires, Argentina",Gral Elizalde s/n y Calle,7,Lomas de Zamora (referencia),Buenos Aires,"Gral Elizalde s/n y Calle, 7, Lomas de Zamora (referencia), Buenos Aires"
,,Euskadi 2949,JI CC,1,132,100,100,0,200,11,-34.7381481,-58.4609585,"2949, Euskadi, Villa Albertina, Partido de Lomas de Zamora, Buenos Aires, 1839, Argentina",Euskadi,2949,Lomas de Zamora (referencia),Buenos Aires,"Euskadi, 2949, Lomas de Zamora (referencia), Buenos Aires"
,,Quesada 2690,MS,9,750,850,850,0,1700,11,-34.7252941,-58.4636962,"2690, Quesada, Ingeniero Budge, Partido de Lomas de Zamora, Buenos Aires, 1827, Argentina",Quesada,2690,Lomas de Zamora (referencia),Buenos Aires,"Quesada, 2690, Lomas de Zamora (referencia), Buenos Aires"
,,Cipolletti e/ R. Palma y,MS,24,900,1000,1000,0,2000,11,-34.7613924,-58.3935392,"Red de Ciclovías y Bicisenda de Lomas de Zamora (ESTE), B1832AHQ, Lomas de Zamora, Buenos Aires, Argentina",Cipolletti e/ R. Palma y,,Lomas de Zamora (referencia),Buenos Aires,"Cipolletti e/ R. Palma y, , Lomas de Zamora (referencia), Buenos Aires"
,,Homero y Cafayate,MS,33,650,0,833,0,833,11,-34.7223256,-58.4645076,"Granja y Carnicería Homero, Andrés Bello, 1827, Andrés Bello, Ingeniero Budge, Buenos Aires, Argentina",Homero y Cafayate,,Lomas de Zamora (referencia),Buenos Aires,"Homero y Cafayate, , Lomas de Zamora (referencia), Buenos Aires"
,,Andres Bello 2763,MS,48,250,250,250,60,500,11,-34.7251236,-58.4624131,"Andrés Bello, Ingeniero Budge, Partido de Lomas de Zamora, Buenos Aires, 1827, Argentina",Andres Bello,2763,Lomas de Zamora (referencia),Buenos Aires,"Andres Bello, 2763, Lomas de Zamora (referencia), Buenos Aires"
,,Oran 599,MS,49,319,354,354,0,708,11,-34.7270067,-58.477407,"Orán, Villa Lamadrid, Partido de Lomas de Zamora, Buenos Aires, B1839FDK, Argentina",Oran,599,Lomas de Zamora (referencia),Buenos Aires,"Oran, 599, Lomas de Zamora (referencia), Buenos Aires"
,,Juan Bucetich E/ Pergamino 4834,MS,72,435,350,350,0,700,11,-34.7268364,-58.4800984,"Escuela primaria 87, 4834, Juan Vucetich, B1839FDK, Juan Vucetich, Villa Albertina, Buenos Aires, Argentina",Juan Bucetich E/ Pergamino,4834,Lomas de Zamora (referencia),Buenos Aires,"Juan Bucetich E/ Pergamino, 4834, Lomas de Zamora (referencia), Buenos Aires"
,,Rivera Sur 1750,MS,76,300,300,300,0,600,11,-34.7555515,-58.4023,"Pedro Ignacio Rivera, Lomas de Zamora, Partido de Lomas de Zamora, Buenos Aires, B1832, Argentina",Rivera Sur,1750,Lomas de Zamora (referencia),Buenos Aires,"Rivera Sur, 1750, Lomas de Zamora (referencia), Buenos Aires"
,,Quesada 2610,PP,12,520,467,467,0,934,11,-34.7248631,-58.462946,"2610, Quesada, Ingeniero Budge, Partido de Lomas de Zamora, Buenos Aires, 1827, Argentina",Quesada,2610,Lomas de Zamora (referencia),Buenos Aires,"Quesada, 2610, Lomas de Zamora (referencia), Buenos Aires"
,,Quesada 2672,PP,43,620,674,674,0,1348,11,-34.7251971,-58.4635274,"2672, Quesada, Ingeniero Budge, Partido de Lomas de Zamora, Buenos Aires, 1827, Argentina",Quesada,2672,Lomas de Zamora (referencia),Buenos Aires,"Quesada, 2672, Lomas de Zamora (referencia), Buenos Aires"
,,Homero 3780,PP,46,719,600,600,35,1200,11,-34.7309948,-58.4652096,"3780, Homero, Villa Lamadrid, Partido de Lomas de Zamora, Buenos Aires, B1839FDK, Argentina",Homero,3780,Lomas de Zamora (referencia),Buenos Aires,"Homero, 3780, Lomas de Zamora (referencia), Buenos Aires"
,,Campoamor 2789,PP,58,500,500,500,0,1000,11,-34.7074748,-58.4604916,"2789, Ramón de Campoamor, Ingeniero Budge, Partido de Lomas de Zamora, Buenos Aires, 1827, Argentina",Campoamor,2789,Lomas de Zamora (referencia),Buenos Aires,"Campoamor, 2789, Lomas de Zamora (referencia), Buenos Aires"
,,Andres Bello 2763,PP,62,289,350,350,0,700,11,-34.7251236,-58.4624131,"Andrés Bello, Ingeniero Budge, Partido de Lomas de Zamora, Buenos Aires, 1827, Argentina",Andres Bello,2763,Lomas de Zamora (referencia),Buenos Aires,"Andres Bello, 2763, Lomas de Zamora (referencia), Buenos Aires"
,,Ricardo Palma 2351,PP,82,727,650,650,0,1300,11,-34.7165816,-58.4625811,"2351, Ricardo Palma, Ingeniero Budge, Partido de Lomas de Zamora, Buenos Aires, 1827, Argentina",Ricardo Palma,2351,Lomas de Zamora (referencia),Buenos Aires,"Ricardo Palma, 2351, Lomas de Zamora (referencia), Buenos Aires"
,,Oran 599,PP,83,440,400,400,40,800,11,-34.7270067,-58.477407,"Orán, Villa Lamadrid, Partido de Lomas de Zamora, Buenos Aires, B1839FDK, Argentina",Oran,599,Lomas de Zamora (referencia),Buenos Aires,"Oran, 599, Lomas de Zamora (referencia), Buenos Aires"
,,Juan Vucetich 4834,PP,87,530,585,585,0,1170,11,-34.7268364,-58.4800984,"Escuela primaria 87, 4834, Juan Vucetich, Villa Lamadrid, Partido de Lomas de Zamora, Buenos Aires, B1839FDK, Argentina",Juan Vucetich,4834,Lomas de Zamora (referencia),Buenos Aires,"Juan Vucetich, 4834, Lomas de Zamora (referencia), Buenos Aires"
,,Homero 3870,PP,95,600,600,600,0,1200,11,-34.7302635,-58.4657889,"3870, Homero, Villa Lamadrid, Partido de Lomas de Zamora, Buenos Aires, B1839FDK, Argentina",Homero,3870,Lomas de Zamora (referencia),Buenos Aires,"Homero, 3870, Lomas de Zamora (referencia), Buenos Aires"
,,Antonio Machado 2546,CEC,804,262,252,252,0,504,12,-34.7148563,-58.465824,"2546, Antonio Machado, Ingeniero Budge, Partido de Lomas de Zamora, Buenos Aires, 1827, Argentina",Antonio Machado,2546,Lomas de Zamora (referencia),Buenos Aires,"Antonio Machado, 2546, Lomas de Zamora (referencia), Buenos Aires"
,,Bruno Tavano 3870,EE,504,181,262,268,0,530,12,-34.72963105319149,-58.46456429148936,"3870, Intendente Juan B. Tavano, B1839FDK, Intendente Juan B. Tavano, Buenos Aires, Argentina",Bruno Tavano,3870,Lomas de Zamora (referencia),Buenos Aires,"Bruno Tavano, 3870, Lomas de Zamora (referencia), Buenos Aires"
,,Bucarest 1723,JI,922,238,242,242,0,484,12,-34.725796,-58.4468535,"1723, Bucarest, Villa Albertina, Ingeniero Budge, Partido de Lomas de Zamora, Buenos Aires, 1827, Argentina",Bucarest,1723,Lomas de Zamora (referencia),Buenos Aires,"Bucarest, 1723, Lomas de Zamora (referencia), Buenos Aires"
,,Gilberto Elizalde 3971,JI,938,222,200,200,0,400,12,-34.7458289,-58.4839823,"Avenida Doctor Gilberto Elizalde, Santa Catalina, 9 de Abril, Partido de Lomas de Zamora, Buenos Aires, B1839FDK, Argentina",Gilberto Elizalde,3971,Lomas de Zamora (referencia),Buenos Aires,"Gilberto Elizalde, 3971, Lomas de Zamora (referencia), Buenos Aires"
,,Campoamor 2637,JI,940,131,131,131,0,262,12,-34.7093195,-58.4590025,"2637, Ramón de Campoamor, Ingeniero Budge, Partido de Lomas de Zamora, Buenos Aires, 1827, Argentina",Campoamor,2637,Lomas de Zamora (referencia),Buenos Aires,"Campoamor, 2637, Lomas de Zamora (referencia), Buenos Aires"
,,Hipolito Yrigoyen 9428,JI,942,260,260,260,0,520,12,-34.7654586,-58.4034059,"Escuela Secundaria 13 Perito Moreno, 9428, Avenida Hipólito Yrigoyen, Lomitas, Lomas de Zamora, Partido de Lomas de Zamora, Buenos Aires, B1832, Argentina",Hipolito Yrigoyen,9428,Lomas de Zamora (referencia),Buenos Aires,"Hipolito Yrigoyen, 9428, Lomas de Zamora (referencia), Buenos Aires"
,,Las Tropas 1711,JI,943,147,150,150,0,300,12,-34.7498391,-58.4281883,"Las Tropas, Lomas de Zamora, Partido de Lomas de Zamora, Buenos Aires, B1828HGV, Argentina",Las Tropas,1711,Lomas de Zamora (referencia),Buenos Aires,"Las Tropas, 1711, Lomas de Zamora (referencia), Buenos Aires"
,,soldado victor rodriguez 1569,JI,945,208,210,210,0,420,12,-34.7415615,-58.4724719,"Soldado Víctor Rodríguez, Santa Catalina, Partido de Lomas de Zamora, Buenos Aires, B1839FDK, Argentina",soldado victor rodriguez,1569,Lomas de Zamora (referencia),Buenos Aires,"soldado victor rodriguez, 1569, Lomas de Zamora (referencia), Buenos Aires"
,,Cipolleti y Machado,JI,946,290,280,280,0,560,12,-34.7788398,-58.383425,"Esquina Pablo y Norma Musso, Triunvirato, 1834, Triunvirato, Temperley, Buenos Aires, Argentina",Cipolleti y Machado,,Lomas de Zamora (referencia),Buenos Aires,"Cipolleti y Machado, , Lomas de Zamora (referencia), Buenos Aires"
,,Homero 2185,JI,947,176,176,176,0,352,12,-34.7440597,-58.4553164,"2185, Homero, Villa Albertina, Partido de Lomas de Zamora, Buenos Aires, 1839, Argentina",Homero,2185,Lomas de Zamora (referencia),Buenos Aires,"Homero, 2185, Lomas de Zamora (referencia), Buenos Aires"
,,Ostende y Labarden S/Nro,JI,2645,50,40,40,0,80,12,-34.7242316,-58.4408936,"Ostende & Gaspar Nuñez De Arce, Gaspar Núñez de Arce, 1827, Gaspar Núñez de Arce, Villa Centenario, Buenos Aires, Argentina",Ostende y Labarden S/Nro,,Lomas de Zamora (referencia),Buenos Aires,"Ostende y Labarden S/Nro, , Lomas de Zamora (referencia), Buenos Aires"
,,Piedrabuena 209,JI,908,94,150,150,0,300,12,-34.7943731,-58.4309139,"Piedrabuena, Llavallol, Partido de Lomas de Zamora, Buenos Aires, B1836CXJ, Argentina",Piedrabuena,209,Lomas de Zamora (referencia),Buenos Aires,"Piedrabuena, 209, Lomas de Zamora (referencia), Buenos Aires"
,,La Haya 2195,MS,29,300,330,330,0,660,12,-34.7293218,-58.4520986,"2195, La Haya, Villa Albertina, Partido de Lomas de Zamora, Buenos Aires, 1827, Argentina",La Haya,2195,Lomas de Zamora (referencia),Buenos Aires,"La Haya, 2195, Lomas de Zamora (referencia), Buenos Aires"
,,Victor Miatello 2061,MS,35,450,0,0,0,0,12,-34.7418035,-58.4836746,"Doctor Víctor Raúl Miatello, Santa Catalina, Partido de Lomas de Zamora, Buenos Aires, B1839FDK, Argentina",Victor Miatello,2061,Lomas de Zamora (referencia),Buenos Aires,"Victor Miatello, 2061, Lomas de Zamora (referencia), Buenos Aires"
,,Homero Manzi 3954,MS,70,690,690,690,0,1380,12,-34.7413307,-58.4692693,"Homero Manzi, Santa Catalina, Partido de Lomas de Zamora, Buenos Aires, B1839FDK, Argentina",Homero Manzi,3954,Lomas de Zamora (referencia),Buenos Aires,"Homero Manzi, 3954, Lomas de Zamora (referencia), Buenos Aires"
,,Figueredo 1525,MS,78,330,248,345,0,593,12,-34.7100276,-58.4559332,"1525, Figueredo, Ingeniero Budge, Partido de Lomas de Zamora, Buenos Aires, 1827, Argentina",Figueredo,1525,Lomas de Zamora (referencia),Buenos Aires,"Figueredo, 1525, Lomas de Zamora (referencia), Buenos Aires"
,,Vernet 281,MS,50,224,300,300,0,600,12,-34.7297857,-58.4196105,"281, Vernet, Villa Centenario, Partido de Lomas de Zamora, Buenos Aires, B1828HGV, Argentina",Vernet,281,Lomas de Zamora (referencia),Buenos Aires,"Vernet, 281, Lomas de Zamora (referencia), Buenos Aires"
,,Avenida Elizalde 3971,PP,16,1177,1104,1104,0,2208,12,-34.7458289,-58.4839823,"Avenida Doctor Gilberto Elizalde, Santa Catalina, 9 de Abril, Partido de Lomas de Zamora, Buenos Aires, B1839FDK, Argentina",Avenida Elizalde,3971,Lomas de Zamora (referencia),Buenos Aires,"Avenida Elizalde, 3971, Lomas de Zamora (referencia), Buenos Aires"
,,Figueredo 1525,PP,64,343,320,320,0,640,12,-34.7100276,-58.4559332,"1525, Figueredo, Ingeniero Budge, Partido de Lomas de Zamora, Buenos Aires, 1827, Argentina",Figueredo,1525,Lomas de Zamora (referencia),Buenos Aires,"Figueredo, 1525, Lomas de Zamora (referencia), Buenos Aires"
,,La Haya 2195,PP,68,332,299,299,0,598,12,-34.7293218,-58.4520986,"2195, La Haya, Villa Albertina, Partido de Lomas de Zamora, Buenos Aires, 1827, Argentina",La Haya,2195,Lomas de Zamora (referencia),Buenos Aires,"La Haya, 2195, Lomas de Zamora (referencia), Buenos Aires"
,,Agustin Magaldi 3954,PP,89,835,0,0,0,0,12,-34.7310684,-58.4796212,"Agustín Magaldi, Santa Catalina, Partido de Lomas de Zamora, Buenos Aires, B1839FDK, Argentina",Agustin Magaldi,3954,Lomas de Zamora (referencia),Buenos Aires,"Agustin Magaldi, 3954, Lomas de Zamora (referencia), Buenos Aires"
,,Cipolletti 2202,PP,93,478,508,508,0,1016,12,-34.7437455,-58.3960811,"Banfield, 1828, Buenos Aires, Argentina",Cipolletti,2202,Lomas de Zamora (referencia),Buenos Aires,"Cipolletti, 2202, Lomas de Zamora (referencia), Buenos Aires"
